listing_id,listed_date,rooms,area_m2,floor,total_floors,year_built,ceiling_height_m,price_kzt,district_ Almaly ,district_ Auezov ,district_ Bostandyk ,district_ Medeu ,district_ Nauryzbay ,district_ Turksib ,district_ Zhetysu ,district_ALATAU,district_ALMALY,district_AUEZOV,district_Alatau,district_Alatauskiy,district_Almalinskiy,district_Almaly,district_Auezov,district_Auezovskiy,district_BOSTANDYK,district_Bostandyk,district_Bostandykskiy,district_MEDEU,district_Medeu,district_Medeuskiy,district_NAURYZBAY,district_Nauryzbay,district_Nauryzbayskiy,district_TURKSIB,district_Turksib,district_Turksibskiy,district_ZHETYSU,district_Zhetysu,district_alatau,district_almaly,district_auezov,district_bostandyk,district_medeu,district_nauryzbay,district_turksib,district_Алатауский,district_Ауэзовский,district_Бостандыкский,district_Жетысуский,district_Медеуский,district_Наурызбайский,district_Турксибский,building_type_monolith,building_type_panel
ALM-10299,2026-06-22,-0.1908791933066464,-0.3735089418831439,2.6657108671448144,1.4420462120199986,1.490525878172986,0.47183440564357493,27700000.0,0,0,0,0,0,0,0,0,0,0,0,0,0,0,0,0,0,0,0,0,0,0,0,1,0,0,0,0,0,0,0,0,0,0,0,0,0,0,0,0,0,0,0,0,1,0
ALM-10358,2026-04-10,0.8746450706996342,0.29434599089017366,1.0131070016143218,1.4420462120199986,1.3936226721494551,0.07055007585875339,78490000.0,0,0,0,0,0,0,0,0,0,0,0,0,0,0,0,0,0,1,0,0,0,0,0,0,0,0,0,0,0,0,0,0,0,0,0,0,0,0,0,0,0,0,0,0,1,0
ALM-11138,2026-08-29,0.8746450706996342,0.7848609132660567,-1.0526478302987938,-1.0953013260640363,0.08542939083178899,1.0450977339076075,95690000.0,0,0,0,0,0,0,0,0,0,0,0,0,0,0,0,0,0,0,0,0,1,0,0,0,0,0,0,0,0,0,0,0,0,0,0,0,0,0,0,0,0,0,0,0,0,0
ALM-10679,2026-06-08,0.8746450706996342,-0.21880808174921149,0.5999560352316987,-0.3023802204127754,-0.35063503627409975,-1.4199345776277312,30040000.0,0,0,0,0,0,0,0,0,0,0,0,0,0,0,0,1,0,0,0,0,0,0,0,0,0,0,0,0,0,0,0,0,0,0,0,0,0,0,0,0,0,0,0,0,0,1
ALM-10744,2026-08-04,0.8746450706996342,0.08682044680806927,0.5999560352316987,-0.3023802204127754,-1.077409081450581,-1.5345872432805379,59000000.0,0,0,0,1,0,0,0,0,0,0,0,0,0,0,0,0,0,0,0,0,0,0,0,0,0,0,0,0,0,0,0,0,0,0,0,0,0,0,0,0,0,0,0,0,0,1
ALM-10812,2026-06-06,-0.1908791933066464,-0.19239573977512564,-0.22634589753354759,-0.9367171049337841,-1.1258606844623464,1.5037083965188336,25720000.0,0,0,0,0,0,0,0,0,0,0,0,0,0,0,0,0,0,0,0,0,0,0,0,1,0,0,0,0,0,0,0,0,0,0,0,0,0,0,0,0,0,0,0,0,0,0
ALM-10003,2026-05-29,-0.1908791933066464,-0.505570651753574,-0.8460723471074822,-0.9367171049337841,-0.6413446543446922,-1.3052819119749248,26120000.0,0,0,0,0,0,0,0,0,0,0,0,0,0,0,1,0,0,0,0,0,0,0,0,0,0,0,0,0,0,0,0,0,0,0,0,0,0,0,0,0,0,0,0,0,0,1
ALM-10267,2026-07-16,-1.256403457312927,-0.9583536570236199,0.3933805520403871,0.17337244297798113,-0.7866994633799885,-0.5027132524052792,29170000.0,0,0,0,0,0,0,0,0,0,0,0,0,0,0,0,0,0,1,0,0,0,0,0,0,0,0,0,0,0,0,0,0,0,0,0,0,0,0,0,0,0,0,0,0,0,1
ALM-10033,2026-04-29,-0.1908791933066464,-0.32068425793497196,0.3933805520403871,-0.3023802204127754,0.8122034360082702,0.5864870712963814,29050000.0,0,0,0,0,0,0,0,0,0,0,0,0,0,0,0,0,0,0,0,0,0,0,0,0,0,0,1,0,0,0,0,0,0,0,0,0,0,0,0,0,0,0,0,0,1,0
ALM-10903,2026-04-17,-0.1908791933066464,-0.11315871385286756,-0.8460723471074822,-1.0953013260640363,-0.495989845309396,-0.15875525544685964,70470000.0,0,0,0,0,0,0,0,0,0,0,0,0,0,0,0,0,0,1,0,0,0,0,0,0,0,0,0,0,0,0,0,0,0,0,0,0,0,0,0,0,0,0,0,0,0,0
ALM-11181,2026-07-01,-1.256403457312927,-1.0036319575506245,0.5999560352316987,2.2349673176712592,0.909106642031801,0.3571817399907684,23580000.0,0,0,0,0,0,0,0,0,0,0,0,0,0,0,1,0,0,0,0,0,0,0,0,0,0,0,0,0,0,0,0,0,0,0,0,0,0,0,0,0,0,0,0,0,1,0
ALM-10099,2026-05-05,-1.256403457312927,-1.211157501632729,-0.019770414342236024,-0.3023802204127754,-0.20528022723880351,-0.7320185837108922,16260000.0,0,0,0,0,0,0,0,0,0,0,0,0,0,0,0,0,0,0,0,0,0,0,0,0,0,0,1,0,0,0,0,0,0,0,0,0,0,0,0,0,0,0,0,0,0,1
ALM-10313,2026-04-10,0.8746450706996342,0.8301392137930614,-0.6394968639161707,-0.9367171049337841,-0.011473815191741843,-0.8466712493636988,49870000.0,0,0,0,0,0,0,0,0,0,0,0,0,0,0,1,0,0,0,0,0,0,0,0,0,0,0,0,0,0,0,0,0,0,0,0,0,0,0,0,0,0,0,0,0,0,1
ALM-10504,2026-04-06,-0.1908791933066464,-0.31313787451380437,0.18680506884907555,2.2349673176712592,1.3936226721494551,-0.27340792109966616,63550000.0,0,0,0,0,0,0,0,0,0,0,0,0,0,0,0,0,0,0,0,0,1,0,0,0,0,0,0,0,0,0,0,0,0,0,0,0,0,0,0,0,0,0,0,0,1,0
ALM-10487,2026-05-15,-0.1908791933066464,-0.007509345956523625,0.3933805520403871,-0.3023802204127754,-0.5444414483211614,-0.7320185837108922,37030000.0,0,0,0,0,0,0,0,0,0,0,0,0,0,0,0,0,0,0,0,0,0,0,0,0,0,0,0,0,0,1,0,0,0,0,0,0,0,0,0,0,0,0,0,0,0,1
ALM-10315,2026-07-22,-0.1908791933066464,-0.04146807135177701,-0.019770414342236024,-0.3023802204127754,1.3451710691376897,0.5864870712963814,38480000.0,0,0,0,0,0,0,0,0,0,0,0,0,0,0,0,0,0,0,0,0,0,0,0,0,0,0,1,0,0,0,0,0,0,0,0,0,0,0,0,0,0,0,0,0,1,0
ALM-10150,2026-04-25,-1.256403457312927,-0.5999004445181668,-0.8460723471074822,2.2349673176712592,0.8122034360082702,0.701139736949188,29650000.0,0,0,0,0,0,0,0,0,0,0,0,0,0,0,1,0,0,0,0,0,0,0,0,0,0,0,0,0,0,0,0,0,0,0,0,0,0,0,0,0,0,0,0,0,1,0
ALM-10210,2026-04-24,-0.1908791933066464,-0.015055729377690896,-0.22634589753354759,-0.3023802204127754,0.909106642031801,0.873118735428399,70860000.0,0,0,0,0,0,0,0,0,0,0,0,0,0,0,0,0,0,0,0,0,0,0,0,0,0,0,0,0,0,0,0,0,0,0,1,0,0,0,0,0,0,0,0,0,1,0
ALM-10643,2026-07-14,-1.256403457312927,-0.7546013046520993,-0.22634589753354759,-0.9367171049337841,-0.5444414483211614,-0.6173659180580857,23250000.0,0,0,0,0,0,0,0,0,0,0,0,0,0,0,0,0,0,0,0,0,0,0,0,0,0,0,0,0,0,1,0,0,0,0,0,0,0,0,0,0,0,0,0,0,0,1
ALM-10837,2026-06-04,0.8746450706996342,1.0150256076116637,0.3933805520403871,0.8077093274989898,1.1029130540788628,-0.044102589794053126,91960000.0,0,0,0,0,0,0,0,0,0,0,0,0,0,0,0,0,0,1,0,0,0,0,0,0,0,0,0,0,0,0,0,0,0,0,0,0,0,0,0,0,0,0,0,0,1,0
ALM-10423,2026-08-09,-1.256403457312927,-0.690457045572176,0.3933805520403871,0.8077093274989898,0.7637518329965048,-0.21608158827326163,54950000.0,0,0,0,0,0,0,0,0,0,0,0,0,0,0,0,0,0,0,0,0,1,0,0,0,0,0,0,0,0,0,0,0,0,0,0,0,0,0,0,0,0,0,0,0,1,0
ALM-11033,2026-05-01,-0.1908791933066464,-0.596127252807583,0.5999560352316987,0.8077093274989898,1.1998162601023936,0.2998554071643664,29430000.0,0,0,0,0,0,0,0,0,0,0,0,0,0,0,0,0,0,0,0,0,0,0,0,0,0,0,1,0,0,0,0,0,0,0,0,0,0,0,0,0,0,0,0,0,1,0
ALM-10514,2026-07-02,-0.1908791933066464,0.27170684062667155,0.18680506884907555,-0.3023802204127754,-0.9320542724152847,-0.8466712493636988,43940000.0,0,0,0,0,0,0,0,0,0,0,0,0,0,0,0,1,0,0,0,0,0,0,0,0,0,0,0,0,0,0,0,0,0,0,0,0,0,0,0,0,0,0,0,0,0,1
ALM-10813,2026-08-28,1.9401693347059146,2.1469831207867784,-1.0526478302987938,-0.3023802204127754,0.8606550390200356,0.2998554071643664,58410000.0,0,0,0,0,0,0,0,0,0,0,0,0,0,0,0,0,0,0,0,0,0,0,0,0,0,0,1,0,0,0,0,0,0,0,0,0,0,0,0,0,0,0,0,0,1,0
ALM-10389,2026-01-11,-0.1908791933066464,0.10568640536098785,-1.0526478302987938,-0.3023802204127754,-0.5444414483211614,-1.0186502478429071,26670000.0,0,0,0,0,0,0,0,0,0,0,0,0,0,0,0,0,0,0,0,0,0,0,0,0,0,0,1,0,0,0,0,0,0,0,0,0,0,0,0,0,0,0,0,0,0,1
ALM-11077,2026-03-26,-1.256403457312927,-0.9659000404447874,1.2196824848056333,0.17337244297798113,1.006009848055332,0.2425290743379619,22940000.0,0,0,0,0,0,0,0,0,0,0,0,0,0,0,0,0,0,0,0,0,0,0,0,0,0,0,0,0,0,1,0,0,0,0,0,0,0,0,0,0,0,0,0,0,1,0
ALM-10848,2026-03-06,-0.1908791933066464,-0.9243949316283665,0.5999560352316987,0.8077093274989898,1.248267863114159,0.3571817399907684,19960000.0,0,0,0,0,0,0,0,0,0,0,0,0,0,0,0,0,0,0,0,0,0,0,0,0,0,0,1,0,0,0,0,0,0,0,0,0,0,0,0,0,0,0,0,0,1,0
ALM-10641,2026-06-15,-1.256403457312927,-0.6414055533345878,0.5999560352316987,0.17337244297798113,-0.2537318302505689,-1.3052819119749248,39400000.0,0,0,0,0,0,0,0,0,0,0,0,0,0,0,0,0,0,0,0,0,0,0,0,0,0,0,0,0,0,0,0,0,0,0,1,0,0,0,0,0,0,0,0,0,0,1
ALM-10057,2026-05-21,-1.256403457312927,-1.3092604861079056,0.8065315184230102,0.17337244297798113,-0.6897962573564577,-1.4772609104541332,12870000.0,0,0,0,0,0,0,0,0,0,0,0,0,0,0,0,0,0,0,0,0,0,0,0,0,0,0,1,0,0,0,0,0,0,0,0,0,0,0,0,0,0,0,0,0,0,1
ALM-11083,2026-01-24,-0.1908791933066464,0.29057279917959017,-1.0526478302987938,-1.2538855471942885,-0.8836026694035193,0.643813404122786,49580000.0,0,0,0,0,0,0,0,0,0,0,0,0,0,0,0,0,0,0,0,0,0,0,0,0,0,0,0,0,0,1,0,0,0,0,0,0,0,0,0,0,0,0,0,0,0,0
ALM-10877,2026-08-18,-1.256403457312927,-0.799879605179104,2.872286350336126,1.4420462120199986,1.1998162601023936,0.8157924026019945,41570000.0,0,0,0,0,0,0,0,0,0,0,0,0,0,1,0,0,0,0,0,0,0,0,0,0,0,0,0,0,0,0,0,0,0,0,0,0,0,0,0,0,0,0,0,0,1,0
ALM-10793,2026-04-23,-1.256403457312927,-0.7659208797838503,0.18680506884907555,-0.3023802204127754,-1.2712154934976427,1.5037083965188336,28850000.0,0,0,0,0,0,0,0,0,0,0,0,0,0,0,1,0,0,0,0,0,0,0,0,0,0,0,0,0,0,0,0,0,0,0,0,0,0,0,0,0,0,0,0,0,0,0
ALM-10357,2026-01-19,-1.256403457312927,-0.8376115222849411,-0.019770414342236024,-0.3023802204127754,-0.2537318302505689,1.0450977339076075,26130000.0,0,0,0,0,0,0,0,0,0,0,0,0,0,0,1,0,0,0,0,0,0,0,0,0,0,0,0,0,0,0,0,0,0,0,0,0,0,0,0,0,0,0,0,0,0,0
ALM-10377,2026-07-15,-0.1908791933066464,-0.09806594701053276,-0.43292138072485914,-0.9367171049337841,-0.8351510663917538,-0.9039975821901007,55890000.0,0,0,0,0,0,0,0,0,0,0,0,0,0,0,0,0,0,0,0,0,1,0,0,0,0,0,0,0,0,0,0,0,0,0,0,0,0,0,0,0,0,0,0,0,0,1
ALM-10733,2026-08-20,-0.1908791933066464,-0.18862254806454187,-0.43292138072485914,-0.9367171049337841,0.036977787820023575,-0.9613239150165053,28560000.0,0,0,0,0,0,0,0,0,0,1,0,0,0,0,0,0,0,0,0,0,0,0,0,0,0,0,0,0,0,0,0,0,0,0,0,0,0,0,0,0,0,0,0,0,0,1
ALM-10543,2026-03-23,-0.1908791933066464,-0.1357978641163699,-0.019770414342236024,-0.3023802204127754,1.5389774811847514,1.102424066734012,37480000.0,0,0,0,0,0,0,0,0,0,0,1,0,0,0,0,0,0,0,0,0,0,0,0,0,0,0,0,0,0,0,0,0,0,0,0,0,0,0,0,0,0,0,0,0,1,0
ALM-10264,2026-05-27,-1.256403457312927,16.337957144292133,-0.6394968639161707,-0.9367171049337841,-0.9320542724152847,-1.1906292463221182,42680000.0,0,0,0,0,0,0,0,0,0,0,0,0,0,0,0,0,0,1,0,0,0,0,0,0,0,0,0,0,0,0,0,0,0,0,0,0,0,0,0,0,0,0,0,0,0,1
ALM-10035,2026-08-29,-0.1908791933066464,-0.6074468279393344,-0.8460723471074822,0.8077093274989898,0.909106642031801,-0.44538691957887466,22780000.0,0,0,0,0,0,0,0,0,0,0,0,0,0,0,0,0,0,0,0,0,0,0,0,0,0,0,1,0,0,0,0,0,0,0,0,0,0,0,0,0,0,0,0,0,1,0
ALM-10056,2026-02-08,1.9401693347059146,1.7055196906484835,0.5999560352316987,-0.3023802204127754,0.7153002299847394,0.1852027415115599,101060000.0,0,0,0,0,0,0,0,0,0,0,0,0,0,0,0,0,0,1,0,0,0,0,0,0,0,0,0,0,0,0,0,0,0,0,0,0,0,0,0,0,0,0,0,0,1,0
ALM-11127,2026-03-18,-0.1908791933066464,-0.21126169832804423,2.2525599007621913,2.2349673176712592,0.9575582450435665,0.07055007585875339,31660000.0,0,0,0,0,0,0,0,0,0,0,1,0,0,0,0,0,0,0,0,0,0,0,0,0,0,0,0,0,0,0,0,0,0,0,0,0,0,0,0,0,0,0,0,0,1,0
ALM-10095,2026-04-23,1.9401693347059146,2.1922614213137828,-0.8460723471074822,-1.2538855471942885,-1.7557315236152968,1.102424066734012,58750000.0,0,0,0,0,0,0,0,0,0,0,1,0,0,0,0,0,0,0,0,0,0,0,0,0,0,0,0,0,0,0,0,0,0,0,0,0,0,0,0,0,0,0,0,0,0,0
ALM-11178,2026-03-04,0.8746450706996342,0.6490260116850431,-0.6394968639161707,-0.3023802204127754,0.7637518329965048,0.701139736949188,86550000.0,0,0,0,0,0,0,0,0,0,0,0,0,0,0,0,0,0,1,0,0,0,0,0,0,0,0,0,0,0,0,0,0,0,0,0,0,0,0,0,0,0,0,0,0,1,0
ALM-10611,2026-08-24,-1.256403457312927,-0.9696732321553712,-0.22634589753354759,2.2349673176712592,0.7153002299847394,0.013223743032348861,24120000.0,0,0,0,0,0,0,0,0,0,0,0,0,0,0,0,0,0,0,0,0,0,0,0,0,0,0,0,0,0,1,0,0,0,0,0,0,0,0,0,0,0,0,0,0,1,0
ALM-10325,2026-05-14,-0.1908791933066464,-0.279179149118551,-0.22634589753354759,-0.9367171049337841,-1.2712154934976427,-1.2479555791485202,29330000.0,0,0,0,0,0,0,0,0,0,0,0,0,0,0,0,0,0,0,0,0,0,0,0,0,0,0,0,0,0,1,0,0,0,0,0,0,0,0,0,0,0,0,0,0,0,1
ALM-10482,2026-06-11,-0.1908791933066464,0.011356612596394955,-0.8460723471074822,-0.3023802204127754,-0.15682862422703808,-0.5027132524052792,27160000.0,0,0,0,0,0,0,0,0,0,0,0,0,0,0,0,0,0,0,0,0,0,0,0,1,0,0,0,0,0,0,0,0,0,0,0,0,0,0,0,0,0,0,0,0,0,1
ALM-11066,2026-04-18,0.8746450706996342,0.13587193904565747,0.5999560352316987,0.17337244297798113,-1.077409081450581,-0.7320185837108922,29120000.0,0,0,0,0,0,0,0,0,0,0,1,0,0,0,0,0,0,0,0,0,0,0,0,0,0,0,0,0,0,0,0,0,0,0,0,0,0,0,0,0,0,0,0,0,0,1
ALM-10989,2026-04-21,0.8746450706996342,0.5207374935251966,-0.019770414342236024,0.8077093274989898,0.7153002299847394,0.873118735428399,61840000.0,0,0,0,0,0,0,0,0,0,1,0,0,0,0,0,0,0,0,0,0,0,0,0,0,0,0,0,0,0,0,0,0,0,0,0,0,0,0,0,0,0,0,0,0,1,0
ALM-10599,2026-08-22,-0.1908791933066464,-0.2603131905656324,-0.6394968639161707,0.17337244297798113,-0.2537318302505689,-0.5600395852316812,43980000.0,0,0,0,0,0,0,0,0,0,0,0,0,0,1,0,0,0,0,0,0,0,0,0,0,0,0,0,0,0,0,0,0,0,0,0,0,0,0,0,0,0,0,0,0,0,1
ALM-10888,2026-03-20,-1.256403457312927,-0.7470549212309318,0.18680506884907555,0.8077093274989898,1.3936226721494551,0.013223743032348861,25710000.0,0,0,0,0,0,0,0,0,0,0,0,0,0,0,0,0,0,0,0,0,0,0,0,0,0,0,1,0,0,0,0,0,0,0,0,0,0,0,0,0,0,0,0,0,1,0
ALM-10379,2026-03-18,-0.1908791933066464,-0.2603131905656324,-0.43292138072485914,-0.9367171049337841,-0.9805058754270501,-0.5027132524052792,24520000.0,0,0,0,0,0,0,0,0,0,0,0,0,0,0,0,0,0,0,0,0,0,0,0,1,0,0,0,0,0,0,0,0,0,0,0,0,0,0,0,0,0,0,0,0,0,1
ALM-10995,2026-05-15,-1.256403457312927,-0.6149932113605017,-0.8460723471074822,1.4420462120199986,0.909106642031801,0.873118735428399,26700000.0,0,0,0,0,0,0,0,0,0,0,0,0,0,0,0,0,0,0,0,0,0,0,0,0,0,0,1,0,0,0,0,0,0,0,0,0,0,0,0,0,0,0,0,0,1,0
ALM-10410,2026-03-15,0.8746450706996342,0.5433766437886992,0.18680506884907555,-0.3023802204127754,-0.9320542724152847,-1.1333029134957138,55640000.0,0,0,0,0,0,0,0,0,0,0,0,0,0,1,0,0,0,0,0,0,0,0,0,0,0,0,0,0,0,0,0,0,0,0,0,0,0,0,0,0,0,0,0,0,0,1
ALM-10786,2026-07-06,0.8746450706996342,0.5546962189204503,-0.8460723471074822,-1.0953013260640363,-0.9320542724152847,-0.10142892262045765,86620000.0,0,0,0,0,0,0,0,0,0,0,0,0,0,0,0,0,0,0,0,0,1,0,0,0,0,0,0,0,0,0,0,0,0,0,0,0,0,0,0,0,0,0,0,0,0,0
ALM-10738,2026-06-14,-0.1908791933066464,-0.4489727760948182,-1.0526478302987938,-0.9367171049337841,-1.6103767145800005,-0.3880605867524727,44710000.0,0,0,0,0,0,0,0,0,0,0,0,0,0,0,0,0,0,0,1,0,0,0,0,0,0,0,0,0,0,0,0,0,0,0,0,0,0,0,0,0,0,0,0,0,0,0
ALM-11106,2026-03-07,0.8746450706996342,0.7848609132660567,0.3933805520403871,-0.3023802204127754,1.490525878172986,0.7584660697755925,40640000.0,0,0,0,0,0,0,0,0,0,0,1,0,0,0,0,0,0,0,0,0,0,0,0,0,0,0,0,0,0,0,0,0,0,0,0,0,0,0,0,0,0,0,0,0,1,0
ALM-10626,2026-05-13,1.9401693347059146,1.8224886336765787,-0.8460723471074822,-0.9367171049337841,-0.495989845309396,0.013223743032348861,64860000.0,0,0,0,0,0,0,0,0,0,0,0,0,0,0,0,0,0,0,0,0,0,0,0,0,0,0,0,0,0,1,0,0,0,0,0,0,0,0,0,0,0,0,0,0,0,0
ALM-10674,2026-08-16,-0.1908791933066464,-0.2980451076714696,0.5999560352316987,0.17337244297798113,1.1029130540788628,0.41450807281717295,29630000.0,0,0,0,0,0,0,0,0,0,0,1,0,0,0,0,0,0,0,0,0,0,0,0,0,0,0,0,0,0,0,0,0,0,0,0,0,0,0,0,0,0,0,0,0,1,0
ALM-10582,2026-04-13,-0.1908791933066464,0.07172767996573447,3.0788618335274376,2.2349673176712592,1.5389774811847514,0.41450807281717295,47310000.0,0,0,0,0,0,0,0,0,0,0,0,0,0,0,0,0,0,0,0,0,0,0,0,0,0,0,0,0,0,1,0,0,0,0,0,0,0,0,0,0,0,0,0,0,1,0
ALM-10113,2026-01-24,0.8746450706996342,0.732036229317885,1.0131070016143218,0.17337244297798113,-1.1743122874741119,-1.1333029134957138,33820000.0,0,0,0,0,0,0,0,0,0,0,0,0,0,0,0,0,0,0,0,0,0,0,0,0,0,0,0,0,0,0,0,0,0,0,0,1,0,0,0,0,0,0,0,0,0,1
ALM-10924,2026-04-03,-0.1908791933066464,-0.21880808174921149,-0.22634589753354759,-0.9367171049337841,-1.077409081450581,-0.6173659180580857,25860000.0,0,0,0,0,0,0,0,0,0,0,1,0,0,0,0,0,0,0,0,0,0,0,0,0,0,0,0,0,0,0,0,0,0,0,0,0,0,0,0,0,0,0,0,0,0,1
ALM-10754,2026-05-29,0.8746450706996342,0.969747307084659,1.426257967996945,0.8077093274989898,0.909106642031801,0.3571817399907684,97750000.0,0,0,0,0,0,0,0,0,0,0,0,0,0,0,0,0,0,0,0,0,1,0,0,0,0,0,0,0,0,0,0,0,0,0,0,0,0,0,0,0,0,0,0,0,1,0
ALM-10195,2026-03-04,-0.1908791933066464,0.07550087167631823,-0.6394968639161707,-0.3023802204127754,-0.20528022723880351,2.363603388914881,39780000.0,0,0,0,0,0,0,0,0,0,0,0,0,0,0,1,0,0,0,0,0,0,0,0,0,0,0,0,0,0,0,0,0,0,0,0,0,0,0,0,0,0,0,0,0,0,0
ALM-10725,2026-02-26,-0.1908791933066464,-0.13957105582695367,-0.22634589753354759,0.17337244297798113,0.036977787820023575,-0.6746922508844877,28320000.0,0,0,0,0,0,0,0,0,0,0,1,0,0,0,0,0,0,0,0,0,0,0,0,0,0,0,0,0,0,0,0,0,0,0,0,0,0,0,0,0,0,0,0,0,0,1
ALM-10688,2026-04-01,-1.256403457312927,-1.22247707676448,-0.019770414342236024,0.17337244297798113,1.1998162601023936,-0.044102589794053126,17540000.0,0,0,0,0,0,0,0,0,0,0,0,0,0,0,0,0,0,0,0,0,0,0,0,1,0,0,0,0,0,0,0,0,0,0,0,0,0,0,0,0,0,0,0,0,1,0
ALM-11107,2026-06-18,-1.256403457312927,-0.8300651388637735,1.426257967996945,2.2349673176712592,0.8606550390200356,0.2998554071643664,43920000.0,0,0,0,0,0,0,0,0,0,0,0,0,0,1,0,0,0,0,0,0,0,0,0,0,0,0,0,0,0,0,0,0,0,0,0,0,0,0,0,0,0,0,0,0,1,0
ALM-10437,2026-07-28,-1.256403457312927,-0.7734672632050178,-0.6394968639161707,0.8077093274989898,0.7637518329965048,0.5864870712963814,33660000.0,0,0,0,0,0,0,0,0,0,0,0,0,0,0,0,0,0,0,0,0,0,0,0,0,0,0,0,0,0,1,0,0,0,0,0,0,0,0,0,0,0,0,0,0,1,0
ALM-10819,2026-05-29,-0.1908791933066464,-0.18107616464337434,-0.43292138072485914,0.17337244297798113,-1.1258606844623464,-1.4772609104541332,40420000.0,0,0,0,0,0,0,0,0,0,0,0,0,0,0,1,0,0,0,0,0,0,0,0,0,0,0,0,0,0,0,0,0,0,0,0,0,0,0,0,0,0,0,0,0,0,1
ALM-10303,2026-06-24,-0.1908791933066464,-0.6791374704404249,-1.0526478302987938,-0.3023802204127754,1.2967194661259243,1.2170767323868186,49760000.0,0,0,0,0,0,0,0,0,0,0,0,0,0,0,0,0,0,1,0,0,0,0,0,0,0,0,0,0,0,0,0,0,0,0,0,0,0,0,0,0,0,0,0,0,1,0
ALM-10902,2026-01-22,-0.1908791933066464,-0.4187872424101486,-0.6394968639161707,-0.3023802204127754,1.5389774811847514,0.3571817399907684,25410000.0,0,0,0,0,0,0,0,0,0,0,0,0,0,0,0,0,0,0,0,0,0,0,0,0,0,0,0,0,0,0,1,0,0,0,0,0,0,0,0,0,0,0,0,0,1,0
ALM-10390,2026-06-17,-0.1908791933066464,-0.32068425793497196,-0.8460723471074822,1.4420462120199986,1.4420742751612206,-0.3880605867524727,41950000.0,0,0,0,0,0,0,0,0,0,0,0,0,0,0,0,1,0,0,0,0,0,0,0,0,0,0,0,0,0,0,0,0,0,0,0,0,0,0,0,0,0,0,0,0,1,0
ALM-10977,2026-03-21,0.8746450706996342,0.7961804883978078,-0.8460723471074822,-0.9367171049337841,-1.0289574784388156,-1.3052819119749248,35720000.0,0,0,0,0,0,0,0,0,0,0,1,0,0,0,0,0,0,0,0,0,0,0,0,0,0,0,0,0,0,0,0,0,0,0,0,0,0,0,0,0,0,0,0,0,0,1
ALM-11118,2026-07-04,-1.256403457312927,-0.8376115222849411,-0.019770414342236024,-0.3023802204127754,-1.2227638904858773,-1.1906292463221182,22590000.0,0,0,0,0,0,1,0,0,0,0,0,0,0,0,0,0,0,0,0,0,0,0,0,0,0,0,0,0,0,0,0,0,0,0,0,0,0,0,0,0,0,0,0,0,0,1
ALM-10862,2026-01-24,0.8746450706996342,0.7509021878708035,-0.6394968639161707,-0.3023802204127754,-0.9805058754270501,-0.8466712493636988,54990000.0,0,0,0,0,0,0,0,0,0,0,0,0,0,0,0,0,0,0,0,0,0,0,0,0,0,0,0,0,0,1,0,0,0,0,0,0,0,0,0,0,0,0,0,0,0,1
ALM-11004,2026-03-09,-0.1908791933066464,-0.23012765688096282,-1.0526478302987938,-1.0953013260640363,-0.011473815191741843,1.5037083965188336,37460000.0,0,0,0,0,0,0,0,0,0,0,0,0,0,0,0,0,0,0,0,0,0,0,0,0,0,0,0,0,0,1,0,0,0,0,0,0,0,0,0,0,0,0,0,0,0,0
ALM-10601,2026-08-25,-0.1908791933066464,0.2566140737843365,-0.22634589753354759,-0.9367171049337841,-0.10837702121527268,-0.5600395852316812,29540000.0,0,0,0,0,0,0,0,0,0,0,0,0,0,0,0,0,0,0,0,0,0,0,0,1,0,0,0,0,0,0,0,0,0,0,0,0,0,0,0,0,0,0,0,0,0,1
ALM-10187,2026-08-26,0.8746450706996342,0.9320153899788218,0.3933805520403871,-0.3023802204127754,-0.011473815191741843,-0.6173659180580857,50720000.0,0,0,0,0,0,0,0,0,0,0,0,0,0,0,1,0,0,0,0,0,0,0,0,0,0,0,0,0,0,0,0,0,0,0,0,0,0,0,0,0,0,0,0,0,0,1
ALM-10530,2026-04-25,-0.1908791933066464,-0.15843701437987226,-0.6394968639161707,-0.3023802204127754,-1.2227638904858773,-0.7320185837108922,47940000.0,0,0,0,0,0,0,0,0,1,0,0,0,0,0,0,0,0,0,0,0,0,0,0,0,0,0,0,0,0,0,0,0,0,0,0,0,0,0,0,0,0,0,0,0,0,1
ALM-10278,2026-06-21,3.0056935987121953,2.403560157106471,-0.6394968639161707,-0.3023802204127754,-0.6897962573564577,-1.2479555791485202,86760000.0,0,0,0,0,0,0,0,0,0,0,0,0,0,1,0,0,0,0,0,0,0,0,0,0,0,0,0,0,0,0,0,0,0,0,0,0,0,0,0,0,0,0,0,0,0,1
ALM-10810,2026-05-07,-1.256403457312927,-0.7885600300473526,-0.6394968639161707,-0.9367171049337841,-0.8351510663917538,-0.7893449165372942,44060000.0,0,0,0,0,0,0,0,0,0,0,0,0,0,0,0,0,0,0,0,0,1,0,0,0,0,0,0,0,0,0,0,0,0,0,0,0,0,0,0,0,0,0,0,0,0,1
ALM-10808,2026-07-18,-0.1908791933066464,-0.44519958438423446,-1.0526478302987938,-0.3023802204127754,0.036977787820023575,-1.4772609104541332,46370000.0,0,0,0,0,0,0,0,0,0,0,0,0,0,0,0,0,0,0,0,0,0,0,0,0,0,0,0,0,0,0,0,0,0,1,0,0,0,0,0,0,0,0,0,0,0,1
ALM-11031,2026-03-11,0.8746450706996342,0.32453152457484324,-0.8460723471074822,-0.9367171049337841,0.4730422149259123,1.847666393477253,39150000.0,0,0,0,0,0,0,0,0,0,0,0,0,0,0,0,0,0,0,0,0,0,0,0,0,0,0,1,0,0,0,0,0,0,0,0,0,0,0,0,0,0,0,0,0,0,0
ALM-10912,2026-01-07,1.9401693347059146,1.4112107372229539,-0.6394968639161707,-1.0953013260640363,-0.9320542724152847,1.446382063692429,53550000.0,0,0,0,0,0,0,0,0,0,0,0,0,0,0,0,0,0,0,0,0,0,0,0,0,0,0,0,0,0,0,0,0,0,0,0,0,0,0,0,0,0,0,1,0,0,0
ALM-10050,2026-04-21,1.9401693347059146,0.8791907060306496,1.2196824848056333,0.17337244297798113,1.1998162601023936,0.9877714010812055,92980000.0,0,0,0,0,0,0,0,0,0,0,0,0,0,0,0,0,0,1,0,0,0,0,0,0,0,0,0,0,0,0,0,0,0,0,0,0,0,0,0,0,0,0,0,0,1,0
ALM-10655,2026-04-09,0.8746450706996342,0.7924072966872242,-0.8460723471074822,-0.3023802204127754,0.4245906119141469,0.701139736949188,98420000.0,0,0,0,0,0,0,0,0,0,0,0,0,0,0,0,0,0,0,0,0,1,0,0,0,0,0,0,0,0,0,0,0,0,0,0,0,0,0,0,0,0,0,0,0,0,0
ALM-10205,2026-08-04,0.8746450706996342,0.49432515155111045,-0.22634589753354759,-0.9367171049337841,-0.9320542724152847,-0.9613239150165053,42700000.0,0,0,0,0,0,0,0,0,0,0,0,0,0,0,0,0,0,0,0,0,0,0,0,0,0,0,0,0,0,1,0,0,0,0,0,0,0,0,0,0,0,0,0,0,0,1
ALM-10795,2026-02-08,-0.1908791933066464,-0.08297318016819795,-0.43292138072485914,-0.3023802204127754,-0.8351510663917538,-0.7320185837108922,44280000.0,0,0,0,0,0,0,0,0,0,0,0,0,0,0,0,0,0,0,0,0,0,0,0,0,0,0,0,0,0,0,0,1,0,0,0,0,0,0,0,0,0,0,0,0,0,1
ALM-10092,2026-03-31,0.8746450706996342,0.8867370894518172,-1.0526478302987938,-0.9367171049337841,0.036977787820023575,-1.0759765806693118,64660000.0,0,0,0,0,0,0,0,0,0,0,0,0,0,1,0,0,0,0,0,0,0,0,0,0,0,0,0,0,0,0,0,0,0,0,0,0,0,0,0,0,0,0,0,0,0,1
ALM-10004,2026-06-09,-1.256403457312927,-1.3318996363714077,0.5999560352316987,1.4420462120199986,1.5874290841965168,0.3571817399907684,30970000.0,0,0,0,0,0,0,0,0,0,0,0,0,0,0,0,0,0,1,0,0,0,0,0,0,0,0,0,0,0,0,0,0,0,0,0,0,0,0,0,0,0,0,0,0,1,0
ALM-10149,2026-07-14,0.8746450706996342,0.958427731952908,-0.6394968639161707,-0.9367171049337841,0.6183970239612085,0.873118735428399,63140000.0,0,0,0,0,0,0,0,0,0,0,0,0,0,0,0,0,0,0,0,0,0,0,0,0,0,0,0,0,0,1,0,0,0,0,0,0,0,0,0,0,0,0,0,0,0,0
ALM-10168,2026-06-08,-1.256403457312927,-0.7244157709674296,-0.6394968639161707,0.17337244297798113,1.490525878172986,0.643813404122786,27400000.0,0,0,0,0,0,0,0,0,0,0,1,0,0,0,0,0,0,0,0,0,0,0,0,0,0,0,0,0,0,0,0,0,0,0,0,0,0,0,0,0,0,0,0,0,1,0
ALM-10517,2026-08-31,-0.1908791933066464,-0.332003833066723,-0.22634589753354759,2.2349673176712592,1.5389774811847514,0.5864870712963814,30120000.0,0,0,0,0,0,0,0,0,0,0,1,0,0,0,0,0,0,0,0,0,0,0,0,0,0,0,0,0,0,0,0,0,0,0,0,0,0,0,0,0,0,0,0,0,1,0
ALM-10164,2026-02-01,-0.1908791933066464,-0.38105532530431147,-1.0526478302987938,-0.9367171049337841,0.4730422149259123,0.013223743032348861,45480000.0,0,0,0,0,0,0,0,0,0,0,0,0,0,1,0,0,0,0,0,0,0,0,0,0,0,0,0,0,0,0,0,0,0,0,0,0,0,0,0,0,0,0,0,0,0,0
ALM-10347,2026-07-04,-0.1908791933066464,-0.7319621543885969,-1.0526478302987938,-0.9367171049337841,-0.6413446543446922,-0.7320185837108922,24260000.0,0,0,0,0,0,0,0,0,0,0,0,0,0,0,1,0,0,0,0,0,0,0,0,0,0,0,0,0,0,0,0,0,0,0,0,0,0,0,0,0,0,0,0,0,0,1
ALM-10686,2026-02-11,-0.1908791933066464,-0.22635446517037905,-0.8460723471074822,-1.0953013260640363,-1.319667096509408,0.5864870712963814,25730000.0,0,0,0,0,0,0,0,0,0,0,0,0,0,0,0,0,0,0,0,0,0,0,0,1,0,0,0,0,0,0,0,0,0,0,0,0,0,0,0,0,0,0,0,0,0,0
ALM-11073,2026-02-27,-0.1908791933066464,-0.5131170351747415,-1.0526478302987938,-1.0953013260640363,0.18233259685531983,1.2744030652132206,22300000.0,0,0,0,0,0,0,0,0,0,0,0,1,0,0,0,0,0,0,0,0,0,0,0,0,0,0,0,0,0,0,0,0,0,0,0,0,0,0,0,0,0,0,0,0,0,0
ALM-10175,2026-01-13,-1.256403457312927,-0.5319829937276601,-0.43292138072485914,-0.9367171049337841,-1.1258606844623464,-0.7893449165372942,22550000.0,0,0,0,0,0,0,0,0,0,0,0,0,0,0,0,0,0,0,0,0,0,0,0,0,0,0,1,0,0,0,0,0,0,0,0,0,0,0,0,0,0,0,0,0,0,1
ALM-10585,2026-04-24,0.8746450706996342,0.8339124055036449,-0.8460723471074822,-1.2538855471942885,-0.495989845309396,2.1342980576092683,51150000.0,0,0,0,0,0,0,0,0,0,0,0,0,0,0,0,0,0,0,0,0,0,0,0,0,0,0,1,0,0,0,0,0,0,0,0,0,0,0,0,0,0,0,0,0,0,0
ALM-10089,2026-01-06,-0.1908791933066464,-0.1697565895116233,1.426257967996945,2.2349673176712592,0.7637518329965048,0.7584660697755925,36020000.0,0,0,0,0,0,0,0,0,0,0,0,0,0,0,0,0,0,0,0,0,0,0,0,0,0,0,1,0,0,0,0,0,0,0,0,0,0,0,0,0,0,0,0,0,1,0
ALM-10298,2026-08-23,-0.1908791933066464,-0.41124085898898105,1.426257967996945,1.4420462120199986,0.7637518329965048,1.2744030652132206,49800000.0,0,0,0,0,0,0,0,0,0,0,0,0,0,0,0,0,0,1,0,0,0,0,0,0,0,0,0,0,0,0,0,0,0,0,0,0,0,0,0,0,0,0,0,0,1,0
ALM-10158,2026-06-05,-1.256403457312927,-0.8262919471531898,-0.22634589753354759,-0.9367171049337841,-1.2227638904858773,0.7584660697755925,28060000.0,0,0,0,0,0,0,0,0,0,0,0,0,0,0,0,0,0,0,0,0,0,0,0,0,0,0,0,0,0,1,0,0,0,0,0,0,0,0,0,0,0,0,0,0,0,0
ALM-10407,2026-01-26,-1.256403457312927,-1.0451370663670454,-0.43292138072485914,-0.3023802204127754,-1.9010863326505931,1.7903400606508486,20110000.0,0,0,0,0,0,0,0,0,0,0,0,0,0,0,0,0,0,0,0,0,0,0,0,0,0,0,1,0,0,0,0,0,0,0,0,0,0,0,0,0,0,0,0,0,0,0
ALM-10622,2026-08-28,0.8746450706996342,0.5131911101040291,-0.43292138072485914,2.2349673176712592,1.248267863114159,-0.27340792109966616,42430000.0,0,0,0,0,0,0,0,0,0,0,1,0,0,0,0,0,0,0,0,0,0,0,0,0,0,0,0,0,0,0,0,0,0,0,0,0,0,0,0,0,0,0,0,0,1,0
ALM-10382,2026-04-18,-0.1908791933066464,-0.03392168793060948,-0.6394968639161707,-0.3023802204127754,-0.5444414483211614,-1.0186502478429071,35540000.0,0,0,0,0,0,0,0,0,0,0,0,0,0,0,0,0,0,0,0,0,0,0,0,0,0,0,0,0,0,1,0,0,0,0,0,0,0,0,0,0,0,0,0,0,0,1
ALM-10182,2026-08-30,-0.1908791933066464,-0.2678595739868,-0.019770414342236024,2.2349673176712592,1.3451710691376897,-0.44538691957887466,28560000.0,0,0,0,0,0,0,0,0,0,0,0,0,0,0,0,0,0,0,0,0,0,0,0,1,0,0,0,0,0,0,0,0,0,0,0,0,0,0,0,0,0,0,0,0,1,0
ALM-10319,2026-05-16,-0.1908791933066464,0.3018923743113412,0.5999560352316987,2.2349673176712592,1.1513646570906282,0.2425290743379619,34490000.0,0,0,0,0,0,0,0,0,0,0,0,0,0,0,0,0,0,0,0,0,0,0,0,1,0,0,0,0,0,0,0,0,0,0,0,0,0,0,0,0,0,0,0,0,1,0
ALM-10775,2026-03-31,1.9401693347059146,2.007375027495181,-0.8460723471074822,-0.3023802204127754,1.490525878172986,0.5864870712963814,62270000.0,0,0,0,0,0,0,0,0,0,0,0,0,0,0,0,0,0,0,0,0,0,0,0,1,0,0,0,0,0,0,0,0,0,0,0,0,0,0,0,0,0,0,0,0,1,0
ALM-10847,2026-01-11,-0.1908791933066464,-0.011282537667107127,-0.22634589753354759,-0.9367171049337841,-0.7866994633799885,0.5864870712963814,53910000.0,0,0,0,0,0,0,0,0,0,0,0,0,0,0,0,0,0,1,0,0,0,0,0,0,0,0,0,0,0,0,0,0,0,0,0,0,0,0,0,0,0,0,0,0,0,0
ALM-10297,2026-04-01,-0.1908791933066464,-0.1244782889846186,2.4591353839535026,1.4420462120199986,1.2967194661259243,0.7584660697755925,42740000.0,0,0,0,0,0,0,0,0,0,0,0,0,0,0,1,0,0,0,0,0,0,0,0,0,0,0,0,0,0,0,0,0,0,0,0,0,0,0,0,0,0,0,0,0,1,0
ALM-10066,2026-02-22,-0.1908791933066464,0.007583420885811452,0.3933805520403871,-0.3023802204127754,1.248267863114159,0.1852027415115599,77940000.0,0,0,0,0,0,0,0,0,0,0,0,0,0,0,0,0,0,0,0,0,1,0,0,0,0,0,0,0,0,0,0,0,0,0,0,0,0,0,0,0,0,0,0,0,1,0
ALM-10031,2026-01-15,-0.1908791933066464,-0.12825148069520237,-0.22634589753354759,-0.9367171049337841,-0.8351510663917538,-0.6173659180580857,24590000.0,0,0,0,0,0,0,0,0,0,0,0,0,0,0,0,0,0,0,0,0,0,0,0,1,0,0,0,0,0,0,0,0,0,0,0,0,0,0,0,0,0,0,0,0,0,1
ALM-10797,2026-08-12,-1.256403457312927,-0.890436206233113,-0.6394968639161707,-0.9367171049337841,-1.3681186995211734,-1.5345872432805379,18240000.0,0,0,0,0,0,0,0,0,0,0,0,0,0,0,0,0,0,0,0,0,0,0,0,0,0,0,1,0,0,0,0,0,0,0,0,0,0,0,0,0,0,0,0,0,0,1
ALM-10110,2026-05-22,-0.1908791933066464,-0.20748850661746046,3.698588283101372,2.2349673176712592,1.1029130540788628,0.3571817399907684,28670000.0,0,0,0,0,0,0,0,0,0,0,0,0,0,0,0,0,0,0,0,0,0,0,0,1,0,0,0,0,0,0,0,0,0,0,0,0,0,0,0,0,0,0,0,0,1,0
ALM-10953,2026-03-28,-0.1908791933066464,-0.6149932113605017,-0.019770414342236024,1.4420462120199986,0.666848626972974,0.701139736949188,32890000.0,0,0,0,0,0,0,0,0,0,0,0,0,0,0,1,0,0,0,0,0,0,0,0,0,0,0,0,0,0,0,0,0,0,0,0,0,0,0,0,0,0,0,0,0,1,0
ALM-11035,2026-03-02,0.8746450706996342,0.6037477111580385,-0.22634589753354759,2.2349673176712592,1.0544614510670973,0.5291607384699795,98780000.0,0,0,0,0,0,0,0,0,0,0,0,0,0,0,0,0,0,0,0,0,1,0,0,0,0,0,0,0,0,0,0,0,0,0,0,0,0,0,0,0,0,0,0,0,1,0
ALM-10467,2026-03-23,-1.256403457312927,-0.9130753564966154,-0.6394968639161707,-1.0953013260640363,-0.44753824229763056,2.363603388914881,19070000.0,0,0,0,0,0,0,0,0,0,0,0,0,0,0,0,0,0,0,0,0,0,0,0,1,0,0,0,0,0,0,0,0,0,0,0,0,0,0,0,0,0,0,0,0,0,0
ALM-10304,2026-07-24,-0.1908791933066464,-0.25653999885504863,-0.6394968639161707,-1.2538855471942885,-1.6103767145800005,2.4209297217412855,25420000.0,0,0,0,0,0,0,0,0,0,0,0,0,0,0,0,0,0,0,0,0,0,0,0,1,0,0,0,0,0,0,0,0,0,0,0,0,0,0,0,0,0,0,0,0,0,0
ALM-10991,2026-05-29,0.8746450706996342,0.3471706748383459,-0.22634589753354759,-0.9367171049337841,-0.20528022723880351,0.12787640868515537,71100000.0,0,0,0,0,0,0,0,0,0,0,0,0,0,0,0,0,0,0,0,0,1,0,0,0,0,0,0,0,0,0,0,0,0,0,0,0,0,0,0,0,0,0,0,0,0,0
ALM-10668,2026-04-01,-0.1908791933066464,-0.03392168793060948,0.5999560352316987,-0.3023802204127754,0.8122034360082702,0.41450807281717295,62020000.0,0,0,0,0,0,0,0,0,0,0,0,0,0,1,0,0,0,0,0,0,0,0,0,0,0,0,0,0,0,0,0,0,0,0,0,0,0,0,0,0,0,0,0,0,1,0
ALM-10215,2026-05-28,0.8746450706996342,1.1131285920868401,-0.6394968639161707,-0.3023802204127754,-1.4165703025329388,-0.9613239150165053,56580000.0,0,0,0,0,0,0,0,0,0,0,0,0,0,0,0,0,0,0,0,0,0,0,0,0,0,0,0,0,0,1,0,0,0,0,0,0,0,0,0,0,0,0,0,0,0,1
ALM-10426,2026-08-07,-1.256403457312927,-0.8791166311013617,-0.6394968639161707,0.17337244297798113,-0.6897962573564577,-0.9613239150165053,17620000.0,0,0,0,0,0,0,0,0,0,0,1,0,0,0,0,0,0,0,0,0,0,0,0,0,0,0,0,0,0,0,0,0,0,0,0,0,0,0,0,0,0,0,0,0,0,1
ALM-11053,2026-08-28,-0.1908791933066464,-0.31313787451380437,-1.0526478302987938,0.8077093274989898,0.909106642031801,0.013223743032348861,38290000.0,0,0,0,0,0,0,0,0,0,0,0,0,0,0,1,0,0,0,0,0,0,0,0,0,0,0,0,0,0,0,0,0,0,0,0,0,0,0,0,0,0,0,0,0,1,0
ALM-11147,2026-06-25,-0.1908791933066464,-0.19994212319629293,-0.43292138072485914,-0.3023802204127754,1.2967194661259243,0.47183440564357493,57130000.0,0,0,0,0,0,0,0,0,0,0,0,0,0,1,0,0,0,0,0,0,0,0,0,0,0,0,0,0,0,0,0,0,0,0,0,0,0,0,0,0,0,0,0,0,1,0
ALM-11109,2026-04-04,-0.1908791933066464,-0.1697565895116233,3.9051637662926835,2.2349673176712592,0.8122034360082702,-0.21608158827326163,56470000.0,0,0,0,0,0,0,0,0,0,0,0,0,0,1,0,0,0,0,0,0,0,0,0,0,0,0,0,0,0,0,0,0,0,0,0,0,0,0,0,0,0,0,0,0,1,0
ALM-10904,2026-01-29,0.8746450706996342,0.5735621774733688,-1.0526478302987938,0.17337244297798113,1.1998162601023936,0.07055007585875339,48380000.0,0,0,0,0,0,0,0,0,0,0,0,0,0,0,0,0,0,0,0,0,0,0,0,0,0,0,0,0,0,1,0,0,0,0,0,0,0,0,0,0,0,0,0,0,1,0
ALM-10286,2026-01-03,1.9401693347059146,2.203580996445534,0.18680506884907555,-0.3023802204127754,-1.1743122874741119,-1.5345872432805379,102500000.0,0,0,0,0,0,0,0,0,0,0,0,0,0,1,0,0,0,0,0,0,0,0,0,0,0,0,0,0,0,0,0,0,0,0,0,0,0,0,0,0,0,0,0,0,0,1
ALM-10697,2026-07-02,-1.256403457312927,-0.7017766207039273,-1.0526478302987938,-1.0953013260640363,-1.9979895386741238,0.41450807281717295,29060000.0,0,0,0,0,0,0,0,0,0,1,0,0,0,0,0,0,0,0,0,0,0,0,0,0,0,0,0,0,0,0,0,0,0,0,0,0,0,0,0,0,0,0,0,0,0,0
ALM-10352,2026-08-18,0.8746450706996342,0.003810229175227683,-0.019770414342236024,-0.3023802204127754,-0.9805058754270501,0.643813404122786,63340000.0,0,0,0,0,0,0,0,0,0,0,0,0,0,0,0,0,0,1,0,0,0,0,0,0,0,0,0,0,0,0,0,0,0,0,0,0,0,0,0,0,0,0,0,0,0,0
ALM-10316,2026-01-04,-1.256403457312927,-0.8979825896542803,-0.22634589753354759,-0.3023802204127754,0.4245906119141469,1.3317293980396225,46460000.0,0,0,0,0,0,0,0,0,0,0,0,0,0,0,0,0,0,0,0,0,1,0,0,0,0,0,0,0,0,0,0,0,0,0,0,0,0,0,0,0,0,0,0,0,0,0
ALM-10829,2026-04-13,0.8746450706996342,0.4226345090500202,-0.43292138072485914,1.4420462120199986,1.5874290841965168,0.8157924026019945,86570000.0,0,0,0,0,0,0,0,0,0,0,0,0,0,0,0,0,0,1,0,0,0,0,0,0,0,0,0,0,0,0,0,0,0,0,0,0,0,0,0,0,0,0,0,0,1,0
ALM-10268,2026-04-05,-0.1908791933066464,-0.2452204237232976,-0.6394968639161707,-0.3023802204127754,-0.44753824229763056,-0.6746922508844877,26880000.0,0,0,0,0,0,0,0,0,0,0,0,0,0,0,0,0,0,0,0,0,0,0,0,0,0,0,1,0,0,0,0,0,0,0,0,0,0,0,0,0,0,0,0,0,0,1
ALM-10960,2026-05-11,-1.256403457312927,-1.0224979161035432,-0.22634589753354759,0.8077093274989898,1.4420742751612206,0.47183440564357493,20140000.0,0,0,0,0,0,0,0,0,0,0,0,0,0,0,0,0,0,0,0,0,0,0,0,0,0,0,1,0,0,0,0,0,0,0,0,0,0,0,0,0,0,0,0,0,1,0
ALM-10969,2026-02-16,0.8746450706996342,1.0942626335339216,2.6657108671448144,1.4420462120199986,1.1998162601023936,-0.10142892262045765,65540000.0,0,0,0,0,0,0,0,0,0,0,0,0,0,0,1,0,0,0,0,0,0,0,0,0,0,0,0,0,0,0,0,0,0,0,0,0,0,0,0,0,0,0,0,0,1,0
ALM-10913,2026-08-31,-1.256403457312927,-1.0677762166305476,-1.0526478302987938,-0.9367171049337841,-0.5928930513329268,-1.4199345776277312,14840000.0,0,0,0,0,0,0,0,0,0,0,0,0,0,0,0,0,0,0,0,0,0,0,0,0,0,0,1,0,0,0,0,0,0,0,0,0,0,0,0,0,0,0,0,0,0,1
ALM-10009,2026-01-19,-1.256403457312927,-1.079095791762299,-0.8460723471074822,-0.3023802204127754,0.036977787820023575,2.363603388914881,39400000.0,0,0,0,0,0,0,0,0,0,0,0,0,0,0,0,0,0,0,0,0,0,1,0,0,0,0,0,0,0,0,0,0,0,0,0,0,0,0,0,0,0,0,0,0,0,0
ALM-10181,2026-07-27,-0.1908791933066464,-0.026375304509442206,2.0459844175708795,2.2349673176712592,1.0544614510670973,0.07055007585875339,65440000.0,0,0,0,0,0,0,0,0,0,0,0,0,0,1,0,0,0,0,0,0,0,0,0,0,0,0,0,0,0,0,0,0,0,0,0,0,0,0,0,0,0,0,0,0,1,0
ALM-10736,2026-05-06,-0.1908791933066464,-0.215034890038628,-0.43292138072485914,0.17337244297798113,-0.9805058754270501,-1.0759765806693118,28060000.0,0,0,0,0,0,0,0,0,0,0,0,0,0,0,0,0,0,0,0,0,0,0,0,0,0,0,1,0,0,0,0,0,0,0,0,0,0,0,0,0,0,0,0,0,0,1
ALM-10202,2026-05-17,-1.256403457312927,-1.184745159658643,-0.22634589753354759,0.17337244297798113,0.7153002299847394,0.930445068254801,17480000.0,0,0,0,0,0,0,0,0,0,0,1,0,0,0,0,0,0,0,0,0,0,0,0,0,0,0,0,0,0,0,0,0,0,0,0,0,0,0,0,0,0,0,0,0,1,0
ALM-10925,2026-07-13,-0.1908791933066464,-0.43388000925248343,-1.0526478302987938,-0.9367171049337841,-0.059925418203507254,-1.4772609104541332,24230000.0,0,0,0,0,0,0,0,0,0,0,0,0,0,0,0,0,0,0,0,0,0,0,0,0,0,0,1,0,0,0,0,0,0,0,0,0,0,0,0,0,0,0,0,0,0,1
ALM-10213,2026-01-05,0.8746450706996342,0.39244897536535056,-0.22634589753354759,-0.9367171049337841,-0.15682862422703808,1.389055730866027,69360000.0,0,0,0,0,0,0,0,0,0,0,0,0,0,0,0,0,0,1,0,0,0,0,0,0,0,0,0,0,0,0,0,0,0,0,0,0,0,0,0,0,0,0,0,0,0,0
ALM-10040,2026-04-25,-0.1908791933066464,0.36980982510184796,-0.22634589753354759,0.17337244297798113,-0.9805058754270501,-1.0186502478429071,32430000.0,0,0,0,0,0,0,0,0,0,0,0,0,0,0,0,0,0,0,0,0,0,0,0,1,0,0,0,0,0,0,0,0,0,0,0,0,0,0,0,0,0,0,0,0,0,1
ALM-11052,2026-08-03,-0.1908791933066464,-0.060334029904695594,-0.6394968639161707,-0.9367171049337841,-0.15682862422703808,-1.1906292463221182,30790000.0,0,0,0,0,0,0,0,0,0,0,0,0,0,0,0,0,0,0,0,0,0,0,0,0,0,0,0,0,0,1,0,0,0,0,0,0,0,0,0,0,0,0,0,0,0,1
ALM-10019,2026-04-03,-1.256403457312927,-0.916848548207199,3.0788618335274376,2.2349673176712592,1.1513646570906282,0.3571817399907684,20320000.0,0,0,0,0,0,0,0,0,0,0,1,0,0,0,0,0,0,0,0,0,0,0,0,0,0,0,0,0,0,0,0,0,0,0,0,0,0,0,0,0,0,0,0,0,1,0
ALM-11012,2026-04-21,-1.256403457312927,-0.8036527968896875,-0.6394968639161707,-1.0953013260640363,-1.9495379356623583,2.4209297217412855,39770000.0,0,0,0,0,0,0,0,0,0,0,0,0,0,1,0,0,0,0,0,0,0,0,0,0,0,0,0,0,0,0,0,0,0,0,0,0,0,0,0,0,0,0,0,0,0,0
ALM-10755,2026-06-23,-1.256403457312927,-0.7470549212309318,0.18680506884907555,-0.3023802204127754,-1.7072799206035314,1.7330137278244466,27030000.0,0,0,0,0,0,0,0,0,0,0,0,0,0,0,1,0,0,0,0,0,0,0,0,0,0,0,0,0,0,0,0,0,0,0,0,0,0,0,0,0,0,0,0,0,0,0
ALM-11026,2026-06-03,-1.256403457312927,-0.8413847139955246,0.5999560352316987,1.4420462120199986,1.006009848055332,-0.27340792109966616,46860000.0,0,0,0,0,0,0,0,0,0,0,0,0,0,0,0,0,0,0,0,0,1,0,0,0,0,0,0,0,0,0,0,0,0,0,0,0,0,0,0,0,0,0,0,0,1,0
ALM-11092,2026-03-03,0.8746450706996342,-0.0037361542459398555,-0.019770414342236024,0.17337244297798113,1.2967194661259243,0.07055007585875339,70060000.0,0,0,0,0,0,0,0,0,0,0,0,0,0,0,0,0,0,0,0,0,0,0,0,0,0,0,0,0,0,0,0,0,0,0,1,0,0,0,0,0,0,0,0,0,1,0
ALM-10198,2026-04-28,-0.1908791933066464,-0.04146807135177701,0.3933805520403871,-0.3023802204127754,-0.495989845309396,-1.4199345776277312,25950000.0,0,0,0,0,0,0,0,0,0,0,1,0,0,0,0,0,0,0,0,0,0,0,0,0,0,0,0,0,0,0,0,0,0,0,0,0,0,0,0,0,0,0,0,0,0,1
ALM-11196,2026-06-29,-0.1908791933066464,-0.04146807135177701,-1.0526478302987938,-0.9367171049337841,-1.9010863326505931,-0.27340792109966616,51560000.0,0,0,0,0,0,0,0,0,0,0,0,0,0,1,0,0,0,0,0,0,0,0,0,0,0,0,0,0,0,0,0,0,0,0,0,0,0,0,0,0,0,0,0,0,0,0
ALM-10032,2026-04-13,-1.256403457312927,-0.890436206233113,-1.0526478302987938,-0.3023802204127754,-0.9320542724152847,-1.2479555791485202,27230000.0,0,0,0,0,0,0,0,0,0,0,0,0,0,1,0,0,0,0,0,0,0,0,0,0,0,0,0,0,0,0,0,0,0,0,0,0,0,0,0,0,0,0,0,0,0,1
ALM-10323,2026-06-05,-1.256403457312927,-1.0375906829458779,1.6328334511882565,1.4420462120199986,0.7637518329965048,0.643813404122786,39940000.0,0,0,0,0,0,0,0,0,0,0,0,0,0,0,0,0,0,0,0,0,1,0,0,0,0,0,0,0,0,0,0,0,0,0,0,0,0,0,0,0,0,0,0,0,1,0
ALM-10204,2026-01-20,-1.256403457312927,-0.8791166311013617,0.3933805520403871,0.17337244297798113,-0.6897962573564577,-0.6173659180580857,33930000.0,0,0,0,0,0,0,0,0,0,0,0,0,0,1,0,0,0,0,0,0,0,0,0,0,0,0,0,0,0,0,0,0,0,0,0,0,0,0,0,0,0,0,0,0,0,1
ALM-10380,2026-02-11,-1.256403457312927,-1.0187247243929594,0.5999560352316987,-0.3023802204127754,0.909106642031801,-0.33073425392606814,21010000.0,0,0,0,0,0,0,0,0,0,0,1,0,0,0,0,0,0,0,0,0,0,0,0,0,0,0,0,0,0,0,0,0,0,0,0,0,0,0,0,0,0,0,0,0,1,0
ALM-10518,2026-01-30,-1.256403457312927,-1.116827708868136,1.0131070016143218,0.17337244297798113,-0.6897962573564577,-0.7320185837108922,28940000.0,0,0,0,0,0,0,0,0,0,0,0,0,0,0,0,0,0,0,0,0,0,0,0,0,0,0,0,0,0,0,0,0,0,1,0,0,0,0,0,0,0,0,0,0,0,1
ALM-10764,2026-01-13,0.8746450706996342,0.5622426023416178,-1.0526478302987938,-0.9367171049337841,-1.6103767145800005,-0.44538691957887466,86140000.0,0,0,0,0,0,0,0,0,0,0,0,0,0,0,0,0,0,0,0,0,1,0,0,0,0,0,0,0,0,0,0,0,0,0,0,0,0,0,0,0,0,0,0,0,0,0
ALM-10761,2026-08-16,3.0056935987121953,1.8941792761776695,-1.0526478302987938,-0.9367171049337841,-1.319667096509408,-1.5919135761069398,47540000.0,0,0,0,0,0,0,0,0,0,0,0,0,0,0,0,0,0,0,0,0,0,0,0,1,0,0,0,0,0,0,0,0,0,0,0,0,0,0,0,0,0,0,0,0,0,1
ALM-10666,2026-01-28,-1.256403457312927,-0.7508281129415155,-0.22634589753354759,-0.9367171049337841,-0.5444414483211614,-1.3626082448013268,37940000.0,0,0,0,0,0,0,0,0,0,0,0,0,0,0,0,0,0,0,0,0,1,0,0,0,0,0,0,0,0,0,0,0,0,0,0,0,0,0,0,0,0,0,0,0,0,1
ALM-10660,2026-03-14,-1.256403457312927,-0.6074468279393344,-0.22634589753354759,-0.3023802204127754,-0.9320542724152847,-1.5345872432805379,28510000.0,0,0,0,0,0,0,0,0,0,0,0,0,0,0,0,0,0,0,0,0,0,0,0,0,0,0,0,0,0,1,0,0,0,0,0,0,0,0,0,0,0,0,0,0,0,1
ALM-10726,2026-04-18,-1.256403457312927,-1.0564566414987966,-0.8460723471074822,-0.3023802204127754,1.5389774811847514,0.07055007585875339,17490000.0,0,0,0,0,0,0,0,0,0,0,1,0,0,0,0,0,0,0,0,0,0,0,0,0,0,0,0,0,0,0,0,0,0,0,0,0,0,0,0,0,0,0,0,0,1,0
ALM-10870,2026-08-21,1.9401693347059146,1.0376647578751659,-0.6394968639161707,-0.3023802204127754,-1.077409081450581,-0.5027132524052792,45750000.0,0,0,0,0,0,0,0,0,0,0,0,0,0,0,0,0,0,0,0,0,0,0,0,0,0,0,1,0,0,0,0,0,0,0,0,0,0,0,0,0,0,0,0,0,0,1
ALM-10463,2026-03-22,0.8746450706996342,-0.464065542937153,1.839408934379568,2.2349673176712592,1.5389774811847514,0.12787640868515537,45490000.0,0,0,0,0,0,0,0,0,0,0,0,0,0,0,0,0,0,1,0,0,0,0,0,0,0,0,0,0,0,0,0,0,0,0,0,0,0,0,0,0,0,0,0,0,1,0
ALM-10294,2026-03-03,-1.256403457312927,-1.09041536689405,1.2196824848056333,0.17337244297798113,-1.2227638904858773,-0.7320185837108922,25880000.0,0,0,0,0,0,0,0,0,0,0,0,0,0,0,0,0,0,0,0,0,1,0,0,0,0,0,0,0,0,0,0,0,0,0,0,0,0,0,0,0,0,0,0,0,0,1
ALM-10317,2026-08-30,-0.1908791933066464,-0.15843701437987226,0.3933805520403871,1.4420462120199986,1.1029130540788628,0.12787640868515537,68490000.0,0,0,0,0,0,0,0,0,0,0,0,0,0,0,0,0,0,0,1,0,0,0,0,0,0,0,0,0,0,0,0,0,0,0,0,0,0,0,0,0,0,0,0,0,1,0
ALM-10283,2026-07-05,0.8746450706996342,0.7056238873437989,-1.0526478302987938,0.17337244297798113,-0.44753824229763056,-0.6746922508844877,42340000.0,0,0,0,0,0,0,0,0,0,0,0,0,0,0,0,0,0,0,0,0,0,0,0,0,0,0,0,0,0,1,0,0,0,0,0,0,0,0,0,0,0,0,0,0,0,1
ALM-10711,2026-08-08,-0.1908791933066464,-0.44142639267365097,-0.8460723471074822,-0.3023802204127754,-1.1258606844623464,-0.9613239150165053,21270000.0,0,0,0,0,0,0,0,0,0,0,1,0,0,0,0,0,0,0,0,0,0,0,0,0,0,0,0,0,0,0,0,0,0,0,0,0,0,0,0,0,0,0,0,0,0,1
ALM-10338,2026-03-18,0.8746450706996342,0.264160457205504,-0.6394968639161707,-0.9367171049337841,-0.8836026694035193,-1.1333029134957138,30360000.0,0,0,0,0,0,0,0,0,0,0,1,0,0,0,0,0,0,0,0,0,0,0,0,0,0,0,0,0,0,0,0,0,0,0,0,0,0,0,0,0,0,0,0,0,0,1
ALM-10735,2026-02-10,-1.256403457312927,-1.0979617503152175,2.0459844175708795,2.2349673176712592,1.5874290841965168,0.873118735428399,22760000.0,0,0,0,0,0,0,0,0,0,0,0,0,0,0,0,0,0,0,0,0,0,0,0,0,0,0,0,0,0,1,0,0,0,0,0,0,0,0,0,0,0,0,0,0,1,0
ALM-10417,2026-07-21,0.8746450706996342,0.6792115453697127,-0.6394968639161707,-1.2538855471942885,0.23078419986708523,0.12787640868515537,70410000.0,0,0,0,0,0,0,0,0,0,0,0,0,0,0,0,0,0,1,0,0,0,0,0,0,0,0,0,0,0,0,0,0,0,0,0,0,0,0,0,0,0,0,0,0,0,0
ALM-10809,2026-04-08,0.8746450706996342,0.4113149339182692,0.5999560352316987,-0.3023802204127754,-1.2227638904858773,-1.4772609104541332,44410000.0,0,0,0,0,0,0,0,0,0,0,0,0,0,0,1,0,0,0,0,0,0,0,0,0,0,0,0,0,0,0,0,0,0,0,0,0,0,0,0,0,0,0,0,0,0,1
ALM-10763,2026-03-08,0.8746450706996342,0.5245106852357806,3.4920127999100607,2.2349673176712592,1.1029130540788628,-0.15875525544685964,43940000.0,0,0,0,0,0,0,0,0,0,0,1,0,0,0,0,0,0,0,0,0,0,0,0,0,0,0,0,0,0,0,0,0,0,0,0,0,0,0,0,0,0,0,0,0,1,0
ALM-11097,2026-03-05,0.8746450706996342,0.8452319806353965,0.18680506884907555,0.8077093274989898,1.1029130540788628,0.07055007585875339,82080000.0,0,0,0,0,0,0,0,0,0,0,0,0,0,0,0,0,0,1,0,0,0,0,0,0,0,0,0,0,0,0,0,0,0,0,0,0,0,0,0,0,0,0,0,0,1,0
ALM-10223,2026-01-02,-0.1908791933066464,0.06040810483398342,0.18680506884907555,-0.3023802204127754,1.3451710691376897,0.47183440564357493,44300000.0,0,0,0,0,0,0,0,0,0,0,0,0,0,0,1,0,0,0,0,0,0,0,0,0,0,0,0,0,0,0,0,0,0,0,0,0,0,0,0,0,0,0,0,0,1,0
ALM-10289,2026-05-12,-0.1908791933066464,-0.4489727760948182,-1.0526478302987938,-1.0953013260640363,0.1338809938435544,0.873118735428399,22060000.0,0,0,0,0,0,0,0,0,0,0,1,0,0,0,0,0,0,0,0,0,0,0,0,0,0,0,0,0,0,0,0,0,0,0,0,0,0,0,0,0,0,0,0,0,0,0
ALM-10762,2026-04-28,-1.256403457312927,-0.8338383305743573,-0.22634589753354759,-0.3023802204127754,-0.15682862422703808,-0.5027132524052792,30390000.0,0,0,0,0,0,0,0,0,0,0,0,0,0,0,0,0,0,1,0,0,0,0,0,0,0,0,0,0,0,0,0,0,0,0,0,0,0,0,0,0,0,0,0,0,0,1
ALM-10480,2026-06-09,-0.1908791933066464,0.17737704786207867,-1.0526478302987938,0.17337244297798113,-0.5928930513329268,-0.9039975821901007,40150000.0,0,0,0,0,0,0,0,0,0,0,0,0,0,0,1,0,0,0,0,0,0,0,0,0,0,0,0,0,0,0,0,0,0,0,0,0,0,0,0,0,0,0,0,0,0,1
ALM-10988,2026-06-01,0.8746450706996342,0.3018923743113412,-0.019770414342236024,-0.3023802204127754,-1.2227638904858773,-1.0759765806693118,40480000.0,0,0,0,0,0,0,1,0,0,0,0,0,0,0,0,0,0,0,0,0,0,0,0,0,0,0,0,0,0,0,0,0,0,0,0,0,0,0,0,0,0,0,0,0,0,1
ALM-10990,2026-06-19,-1.256403457312927,-1.1470132425528057,-1.0526478302987938,-0.3023802204127754,-0.059925418203507254,-0.3880605867524727,15780000.0,0,0,0,0,0,0,0,0,0,0,0,0,0,0,0,0,0,0,0,0,0,0,0,0,0,0,1,0,0,0,0,0,0,0,0,0,0,0,0,0,0,0,0,0,0,0
ALM-11142,2026-07-29,-0.1908791933066464,0.033995762859897305,0.3933805520403871,1.4420462120199986,1.248267863114159,0.9877714010812055,70240000.0,0,0,0,0,0,0,0,0,0,0,0,0,0,0,0,0,0,0,0,0,0,0,0,0,0,0,0,0,0,0,0,0,0,1,0,0,0,0,0,0,0,0,0,0,1,0
ALM-10087,2026-04-19,-0.1908791933066464,0.2113357732573318,0.3933805520403871,-0.3023802204127754,-0.6413446543446922,-1.5345872432805379,38130000.0,0,0,0,0,0,0,0,0,0,0,0,0,0,0,0,0,0,0,0,0,0,0,0,0,0,0,0,0,0,1,0,0,0,0,0,0,0,0,0,0,0,0,0,0,0,1
ALM-10843,2026-08-15,-0.1908791933066464,-0.04524126306236079,-1.0526478302987938,-1.0953013260640363,0.6183970239612085,1.61836106217164,26290000.0,0,0,0,0,0,0,0,0,0,0,0,0,0,0,0,0,0,0,0,0,0,0,0,1,0,0,0,0,0,0,0,0,0,0,0,0,0,0,0,0,0,0,0,0,0,0
ALM-10135,2026-08-31,-1.256403457312927,-0.9017557813648641,-0.43292138072485914,-0.3023802204127754,1.006009848055332,1.2170767323868186,23040000.0,0,0,0,0,0,0,0,0,0,0,0,0,0,0,0,0,0,0,0,0,0,0,0,0,0,0,0,0,0,0,0,0,0,0,0,0,1,0,0,0,0,0,0,0,1,0
ALM-10721,2026-03-12,0.8746450706996342,0.6829847370802963,2.4591353839535026,1.4420462120199986,1.006009848055332,0.9877714010812055,85880000.0,0,0,0,0,0,0,0,0,0,0,0,0,0,0,0,0,0,1,0,0,0,0,0,0,0,0,0,0,0,0,0,0,0,0,0,0,0,0,0,0,0,0,0,0,1,0
ALM-11086,2026-06-22,-0.1908791933066464,-0.3282306413561395,-1.0526478302987938,0.17337244297798113,1.0544614510670973,0.8157924026019945,56650000.0,0,0,0,0,0,0,0,0,0,0,0,0,0,0,0,0,0,0,0,0,1,0,0,0,0,0,0,0,0,0,0,0,0,0,0,0,0,0,0,0,0,0,0,0,1,0
ALM-10041,2026-04-07,-0.1908791933066464,0.24152130694200194,0.18680506884907555,-0.3023802204127754,-1.5134735085564697,1.7903400606508486,34880000.0,0,0,0,0,0,0,0,0,0,0,1,0,0,0,0,0,0,0,0,0,0,0,0,0,0,0,0,0,0,0,0,0,0,0,0,0,0,0,0,0,0,0,0,0,0,0
ALM-11160,2026-05-31,-1.256403457312927,-0.890436206233113,0.5999560352316987,-0.3023802204127754,0.666848626972974,-0.044102589794053126,20990000.0,0,0,0,0,0,0,0,0,0,0,0,0,0,0,0,0,0,0,0,0,0,0,0,0,0,0,0,0,0,0,0,0,0,0,0,0,0,0,0,0,0,0,0,0,1,0
ALM-10443,2026-01-24,-0.1908791933066464,-0.3546429833302253,-0.43292138072485914,0.17337244297798113,-1.2712154934976427,-0.6173659180580857,40070000.0,0,0,0,0,0,0,0,0,0,0,0,0,0,0,1,0,0,0,0,0,0,0,0,0,0,0,0,0,0,0,0,0,0,0,0,0,0,0,0,0,0,0,0,0,0,1
ALM-10464,2026-03-04,0.8746450706996342,0.4113149339182692,-0.8460723471074822,-0.3023802204127754,-0.059925418203507254,-0.44538691957887466,62340000.0,0,0,0,0,0,0,0,0,0,0,0,0,0,1,0,0,0,0,0,0,0,0,0,0,0,0,0,0,0,0,0,0,0,0,0,0,0,0,0,0,0,0,0,0,0,1
ALM-10131,2026-03-06,-1.256403457312927,-0.7055498124145111,-0.8460723471074822,-1.2538855471942885,-0.5444414483211614,1.159750399560414,41520000.0,0,0,0,0,0,0,0,0,0,0,0,0,0,1,0,0,0,0,0,0,0,0,0,0,0,0,0,0,0,0,0,0,0,0,0,0,0,0,0,0,0,0,0,0,0,0
ALM-10219,2026-04-17,-0.1908791933066464,-0.011282537667107127,1.839408934379568,0.8077093274989898,0.7153002299847394,-0.15875525544685964,40480000.0,0,0,0,0,0,0,0,0,0,0,0,0,0,0,0,0,0,0,0,0,0,0,0,0,0,0,1,0,0,0,0,0,0,0,0,0,0,0,0,0,0,0,0,0,1,0
ALM-10954,2026-03-04,-0.1908791933066464,-0.09806594701053276,0.18680506884907555,1.4420462120199986,1.5874290841965168,1.2744030652132206,69510000.0,0,0,0,0,0,0,0,0,0,0,0,0,0,1,0,0,0,0,0,0,0,0,0,0,0,0,0,0,0,0,0,0,0,0,0,0,0,0,0,0,0,0,0,0,1,0
ALM-11030,2026-01-15,0.8746450706996342,0.8867370894518172,-0.6394968639161707,0.17337244297798113,1.5389774811847514,0.5864870712963814,42940000.0,0,0,0,0,0,0,0,0,0,0,0,0,0,0,0,0,0,0,0,0,0,0,0,1,0,0,0,0,0,0,0,0,0,0,0,0,0,0,0,0,0,0,0,0,1,0
ALM-10176,2026-01-28,0.8746450706996342,-0.27540595740796725,-0.019770414342236024,-0.3023802204127754,-0.15682862422703808,2.0196453919564616,66000000.0,0,0,0,0,0,0,0,0,0,0,0,0,0,0,0,0,0,0,0,0,1,0,0,0,0,0,0,0,0,0,0,0,0,0,0,0,0,0,0,0,0,0,0,0,0,0
ALM-10460,2026-05-28,-0.1908791933066464,-0.09429275529994899,0.18680506884907555,2.2349673176712592,0.666848626972974,-0.10142892262045765,31160000.0,0,0,0,0,0,0,0,0,0,0,1,0,0,0,0,0,0,0,0,0,0,0,0,0,0,0,0,0,0,0,0,0,0,0,0,0,0,0,0,0,0,0,0,0,1,0
ALM-11070,2026-01-14,-0.1908791933066464,-0.1093855221422838,0.18680506884907555,-0.3023802204127754,0.9575582450435665,0.2425290743379619,59020000.0,0,0,0,0,0,0,0,0,0,0,0,0,0,0,0,0,0,1,0,0,0,0,0,0,0,0,0,0,0,0,0,0,0,0,0,0,0,0,0,0,0,0,0,0,1,0
ALM-11021,2026-05-04,0.8746450706996342,0.6263868614215405,-0.8460723471074822,-0.9367171049337841,-0.35063503627409975,-1.3626082448013268,63570000.0,0,0,0,0,0,0,0,0,0,0,0,0,0,1,0,0,0,0,0,0,0,0,0,0,0,0,0,0,0,0,0,0,0,0,0,0,0,0,0,0,0,0,0,0,0,1
ALM-10130,2026-07-21,-0.1908791933066464,-0.18862254806454187,-1.0526478302987938,0.17337244297798113,1.006009848055332,1.159750399560414,37780000.0,0,0,0,0,0,0,0,0,0,0,0,0,0,0,0,0,0,0,0,0,0,0,0,0,0,0,0,0,0,0,0,0,1,0,0,0,0,0,0,0,0,0,0,0,1,0
ALM-10324,2026-07-10,-1.256403457312927,-1.2526626104491498,0.5999560352316987,2.2349673176712592,1.0544614510670973,0.701139736949188,15540000.0,0,0,0,0,0,0,0,0,0,0,0,0,0,0,0,0,0,0,0,0,0,0,0,0,0,0,0,0,0,0,0,0,0,0,0,1,0,0,0,0,0,0,0,0,1,0
ALM-10691,2026-01-23,-0.1908791933066464,-0.3697357501725601,3.0788618335274376,2.2349673176712592,1.1998162601023936,0.9877714010812055,29510000.0,0,0,0,0,0,0,0,0,0,0,0,0,0,0,0,0,0,0,0,0,0,0,1,0,0,0,0,0,0,0,0,0,0,0,0,0,0,0,0,0,0,0,0,0,1,0
ALM-11044,2026-04-05,0.8746450706996342,0.7999536801083917,-0.8460723471074822,0.17337244297798113,1.248267863114159,1.159750399560414,55240000.0,0,0,0,0,0,0,0,0,0,0,0,0,0,0,0,0,0,0,0,0,0,0,0,0,0,0,0,0,0,1,0,0,0,0,0,0,0,0,0,0,0,0,0,0,1,0
ALM-11117,2026-04-23,-0.1908791933066464,-0.0037361542459398555,0.5999560352316987,-0.3023802204127754,1.1513646570906282,-0.44538691957887466,32560000.0,0,0,0,0,0,0,0,0,0,0,1,0,0,0,0,0,0,0,0,0,0,0,0,0,0,0,0,0,0,0,0,0,0,0,0,0,0,0,0,0,0,0,0,0,1,0
ALM-10295,2026-05-31,-0.1908791933066464,0.10945959707157189,-1.0526478302987938,0.17337244297798113,-0.8351510663917538,-1.3052819119749248,24420000.0,0,0,0,0,0,0,0,0,0,0,0,0,0,0,0,0,0,0,0,0,0,0,0,0,0,0,1,0,0,0,0,0,0,0,0,0,0,0,0,0,0,0,0,0,0,1
ALM-10143,2026-01-12,0.8746450706996342,0.7282630376073009,-0.43292138072485914,-0.9367171049337841,-0.6897962573564577,-0.7893449165372942,46050000.0,0,0,0,0,0,0,0,0,0,0,0,0,0,0,0,0,0,0,0,0,0,0,0,0,0,0,0,0,0,1,0,0,0,0,0,0,0,0,0,0,0,0,0,0,0,1
ALM-10842,2026-07-03,1.9401693347059146,1.7885299082813255,-0.43292138072485914,2.2349673176712592,0.7153002299847394,0.5864870712963814,87440000.0,0,0,0,0,0,0,0,0,0,0,0,0,0,0,1,0,0,0,0,0,0,0,0,0,0,0,0,0,0,0,0,0,0,0,0,0,0,0,0,0,0,0,0,0,1,0
ALM-11164,2026-02-07,-0.1908791933066464,-0.7357353460991807,1.2196824848056333,0.17337244297798113,-0.5444414483211614,-1.5345872432805379,17260000.0,0,0,0,0,0,0,0,0,0,0,0,0,0,0,0,0,0,0,0,0,0,0,0,0,0,0,1,0,0,0,0,0,0,0,0,0,0,0,0,0,0,0,0,0,0,1
ALM-10242,2026-06-18,-0.1908791933066464,-0.4187872424101486,1.426257967996945,0.8077093274989898,1.1513646570906282,0.2425290743379619,34280000.0,0,0,0,0,0,0,0,0,0,0,0,0,0,0,1,0,0,0,0,0,0,0,0,0,0,0,0,0,0,0,0,0,0,0,0,0,0,0,0,0,0,0,0,0,1,0
ALM-10473,2026-01-10,0.8746450706996342,0.5169643018146131,0.18680506884907555,0.17337244297798113,-0.7382478603682231,-1.3626082448013268,32760000.0,0,0,0,0,0,0,0,0,0,0,1,0,0,0,0,0,0,0,0,0,0,0,0,0,0,0,0,0,0,0,0,0,0,0,0,0,0,0,0,0,0,0,0,0,0,1
ALM-10274,2026-08-19,3.0056935987121953,2.211127379866701,-0.22634589753354759,0.8077093274989898,0.666848626972974,0.12787640868515537,71690000.0,0,0,0,0,0,0,0,0,0,0,0,0,0,0,0,0,0,0,0,0,0,0,0,0,0,0,1,0,0,0,0,0,0,0,0,0,0,0,0,0,0,0,0,0,1,0
ALM-10574,2026-05-23,0.8746450706996342,0.596201327736871,-0.22634589753354759,-0.3023802204127754,-0.5928930513329268,-1.0759765806693118,31960000.0,0,0,0,0,0,0,0,0,0,0,1,0,0,0,0,0,0,0,0,0,0,0,0,0,0,0,0,0,0,0,0,0,0,0,0,0,0,0,0,0,0,0,0,0,0,1
ALM-10455,2026-05-07,-1.256403457312927,-1.0375906829458779,-0.22634589753354759,-0.3023802204127754,1.1029130540788628,1.159750399560414,32110000.0,0,0,0,0,0,0,0,0,0,0,0,0,0,1,0,0,0,0,0,0,0,0,0,0,0,0,0,0,0,0,0,0,0,0,0,0,0,0,0,0,0,0,0,0,1,0
ALM-10719,2026-03-31,0.8746450706996342,0.965974115374075,0.3933805520403871,0.8077093274989898,0.8122034360082702,0.013223743032348861,42480000.0,0,0,0,0,0,0,0,0,0,0,0,0,0,0,0,0,0,0,0,0,0,0,0,0,0,0,0,0,0,0,0,0,0,0,0,0,0,0,0,0,0,0,1,0,1,0
ALM-10078,2026-02-25,1.9401693347059146,1.8753133176247507,2.0459844175708795,0.8077093274989898,0.9575582450435665,-0.3880605867524727,80880000.0,0,0,0,0,0,0,0,0,0,0,0,0,0,0,0,0,0,0,0,0,0,0,0,0,0,0,0,0,0,1,0,0,0,0,0,0,0,0,0,0,0,0,0,0,1,0
ALM-10718,2026-06-24,-1.256403457312927,-0.7847868383367689,-0.6394968639161707,-0.9367171049337841,-0.3021834332623343,-1.0759765806693118,19530000.0,0,0,0,0,0,0,0,0,0,0,0,0,0,0,0,0,0,0,0,0,0,0,0,0,0,0,0,0,0,0,0,0,0,0,0,0,1,0,0,0,0,0,0,0,0,1
ALM-11000,2026-06-06,-0.1908791933066464,-0.6149932113605017,-1.0526478302987938,-0.9367171049337841,0.3761390089023815,-0.33073425392606814,43750000.0,0,0,0,0,0,0,0,0,0,0,0,0,0,0,0,0,0,0,0,0,1,0,0,0,0,0,0,0,0,0,0,0,0,0,0,0,0,0,0,0,0,0,0,0,0,0
ALM-10586,2026-03-15,-0.1908791933066464,-0.16598339780103952,-0.43292138072485914,0.17337244297798113,-1.2227638904858773,-1.4772609104541332,60430000.0,0,0,0,0,0,0,0,0,0,0,0,0,0,0,0,0,0,0,0,0,1,0,0,0,0,0,0,0,0,0,0,0,0,0,0,0,0,0,0,0,0,0,0,0,0,1
ALM-10916,2026-06-25,0.8746450706996342,1.098035825244505,-0.43292138072485914,-0.9367171049337841,-0.5928930513329268,0.873118735428399,65090000.0,0,0,0,0,0,0,0,0,0,0,0,0,0,0,0,0,0,0,0,0,0,0,0,0,0,0,0,0,0,1,0,0,0,0,0,0,0,0,0,0,0,0,0,0,0,0
ALM-10073,2026-04-26,-1.256403457312927,-0.9734464238659547,0.18680506884907555,-0.3023802204127754,-0.6413446543446922,-1.0186502478429071,18540000.0,0,0,0,0,0,0,0,0,0,0,0,0,0,0,0,0,0,0,0,0,0,0,0,0,0,0,1,0,0,0,0,0,0,0,0,0,0,0,0,0,0,0,0,0,0,1
ALM-10554,2026-06-05,1.9401693347059146,1.0414379495857493,-0.43292138072485914,-0.3023802204127754,-0.7382478603682231,-0.9039975821901007,44700000.0,0,0,0,0,0,0,0,0,0,0,1,0,0,0,0,0,0,0,0,0,0,0,0,0,0,0,0,0,0,0,0,0,0,0,0,0,0,0,0,0,0,0,0,0,0,1
ALM-10043,2026-05-20,-0.1908791933066464,0.2566140737843365,-0.019770414342236024,0.17337244297798113,-1.2712154934976427,-1.4199345776277312,29350000.0,0,0,0,0,0,0,0,0,0,0,1,0,0,0,0,0,0,0,0,0,0,0,0,0,0,0,0,0,0,0,0,0,0,0,0,0,0,0,0,0,0,0,0,0,0,1
ALM-10555,2026-05-10,0.8746450706996342,0.5811085608945363,-1.0526478302987938,-0.9367171049337841,-1.4165703025329388,-1.5919135761069398,81680000.0,0,0,0,0,0,0,0,0,0,0,0,0,0,0,0,0,0,0,0,0,1,0,0,0,0,0,0,0,0,0,0,0,0,0,0,0,0,0,0,0,0,0,0,0,0,1
ALM-10792,2026-07-09,-1.256403457312927,-1.2036111182115614,2.4591353839535026,2.2349673176712592,0.666848626972974,0.873118735428399,19690000.0,0,0,0,0,0,0,0,0,0,0,0,0,0,0,0,0,0,0,0,0,0,0,0,0,0,0,0,0,0,1,0,0,0,0,0,0,0,0,0,0,0,0,0,0,1,0
ALM-11100,2026-07-24,0.8746450706996342,0.5773353691839523,-0.43292138072485914,-0.9367171049337841,-0.35063503627409975,-0.9613239150165053,39480000.0,0,0,0,0,0,0,0,0,0,0,0,0,0,0,0,0,0,0,0,0,0,0,0,0,0,0,1,0,0,0,0,0,0,0,0,0,0,0,0,0,0,0,0,0,0,1
ALM-10503,2026-01-10,-1.256403457312927,-0.7847868383367689,-0.43292138072485914,0.17337244297798113,-0.9320542724152847,-0.8466712493636988,35490000.0,0,0,0,0,0,0,0,0,0,0,0,0,0,1,0,0,0,0,0,0,0,0,0,0,0,0,0,0,0,0,0,0,0,0,0,0,0,0,0,0,0,0,0,0,0,1
ALM-10900,2026-08-19,-1.256403457312927,-0.864023864259027,3.0788618335274376,2.2349673176712592,1.248267863114159,0.873118735428399,47340000.0,0,0,0,0,0,0,0,0,0,0,0,0,0,0,0,0,0,0,0,0,1,0,0,0,0,0,0,0,0,0,0,0,0,0,0,0,0,0,0,0,0,0,0,0,1,0
ALM-10964,2026-04-23,-0.1908791933066464,0.15851108930916008,1.426257967996945,2.2349673176712592,1.006009848055332,-0.15875525544685964,73050000.0,0,0,0,0,0,0,0,0,0,0,0,0,0,0,0,0,0,0,0,0,1,0,0,0,0,0,0,0,0,0,0,0,0,0,0,0,0,0,0,0,0,0,0,0,1,0
ALM-10940,2026-04-06,0.8746450706996342,0.22265534838908335,-1.0526478302987938,-1.2538855471942885,-0.8836026694035193,1.5037083965188336,44490000.0,0,0,0,0,0,0,0,0,0,0,0,0,0,0,1,0,0,0,0,0,0,0,0,0,0,0,0,0,0,0,0,0,0,0,0,0,0,0,0,0,0,0,0,0,0,0
ALM-10965,2026-06-13,0.8746450706996342,0.8490051723459799,0.3933805520403871,-0.3023802204127754,-1.319667096509408,-0.7320185837108922,37940000.0,0,0,0,0,0,0,0,0,0,0,1,0,0,0,0,0,0,0,0,0,0,0,0,0,0,0,0,0,0,0,0,0,0,0,0,0,0,0,0,0,0,0,0,0,0,1
ALM-11043,2026-02-06,0.8746450706996342,0.03776895457048107,-0.019770414342236024,-0.3023802204127754,-1.2712154934976427,0.9877714010812055,74790000.0,0,0,0,0,0,0,0,0,0,0,0,0,0,0,0,0,0,0,0,0,1,0,0,0,0,0,0,0,0,0,0,0,0,0,0,0,0,0,0,0,0,0,0,0,0,0
ALM-10644,2026-07-03,-1.256403457312927,-0.864023864259027,-0.6394968639161707,-0.9367171049337841,0.23078419986708523,-0.3880605867524727,23860000.0,0,0,0,0,0,0,0,0,0,0,0,0,0,0,0,0,0,0,0,0,0,0,0,0,0,0,0,0,0,1,0,0,0,0,0,0,0,0,0,0,0,0,0,0,0,0
ALM-10933,2026-04-25,0.8746450706996342,0.5811085608945363,-0.6394968639161707,-1.2538855471942885,0.036977787820023575,0.41450807281717295,51210000.0,0,1,0,0,0,0,0,0,0,0,0,0,0,0,0,0,0,0,0,0,0,0,0,0,0,0,0,0,0,0,0,0,0,0,0,0,0,0,0,0,0,0,0,0,0,0
ALM-10602,2026-04-18,-0.1908791933066464,-0.31313787451380437,-0.22634589753354759,0.17337244297798113,-0.15682862422703808,-1.4199345776277312,34420000.0,0,0,0,0,0,0,0,0,0,0,0,0,0,0,1,0,0,0,0,0,0,0,0,0,0,0,0,0,0,0,0,0,0,0,0,0,0,0,0,0,0,0,0,0,0,1
ALM-10646,2026-08-21,0.8746450706996342,0.8037268718189753,0.8065315184230102,0.8077093274989898,1.3936226721494551,1.159750399560414,46960000.0,0,0,0,0,0,0,0,0,0,0,1,0,0,0,0,0,0,0,0,0,0,0,0,0,0,0,0,0,0,0,0,0,0,0,0,0,0,0,0,0,0,0,0,0,1,0
ALM-10039,2026-01-21,0.8746450706996342,1.003706032479912,-0.6394968639161707,-0.9367171049337841,-0.5928930513329268,-0.27340792109966616,43420000.0,0,0,0,0,0,0,0,0,0,0,0,0,0,0,0,0,0,0,0,0,0,0,0,0,0,0,1,0,0,0,0,0,0,0,0,0,0,0,0,0,0,0,0,0,0,0
ALM-10701,2026-03-10,1.9401693347059146,1.6074167061733067,-1.0526478302987938,-0.3023802204127754,-1.9010863326505931,0.701139736949188,71160000.0,0,0,0,0,0,0,0,0,0,0,0,0,0,0,0,1,0,0,0,0,0,0,0,0,0,0,0,0,0,0,0,0,0,0,0,0,0,0,0,0,0,0,0,0,0,0
ALM-10594,2026-07-19,-0.1908791933066464,-0.23390084859154658,-0.6394968639161707,-1.2538855471942885,-0.8836026694035193,0.1852027415115599,55100000.0,0,0,0,0,0,0,0,0,0,0,0,0,0,0,0,0,0,1,0,0,0,0,0,0,0,0,0,0,0,0,0,0,0,0,0,0,0,0,0,0,0,0,0,0,0,0
ALM-10708,2026-01-14,-1.256403457312927,-0.8979825896542803,-0.019770414342236024,-0.3023802204127754,-0.9320542724152847,0.2998554071643664,17940000.0,0,0,0,0,0,0,0,0,0,0,1,0,0,0,0,0,0,0,0,0,0,0,0,0,0,0,0,0,0,0,0,0,0,0,0,0,0,0,0,0,0,0,0,0,0,0
ALM-10714,2026-03-24,-0.1908791933066464,-0.2678595739868,0.3933805520403871,-0.3023802204127754,-0.011473815191741843,-1.2479555791485202,29050000.0,0,0,0,0,0,0,0,0,0,0,0,0,0,0,0,0,0,0,0,0,0,0,0,0,0,0,1,0,0,0,0,0,0,0,0,0,0,0,0,0,0,0,0,0,0,1
ALM-10580,2026-06-18,-1.256403457312927,-0.5810344859652483,-1.0526478302987938,0.17337244297798113,-0.7382478603682231,-0.44538691957887466,26100000.0,0,0,0,0,0,0,0,0,0,0,0,0,0,0,1,0,0,0,0,0,0,0,0,0,0,0,0,0,0,0,0,0,0,0,0,0,0,0,0,0,0,0,0,0,0,1
ALM-10522,2026-05-16,-0.1908791933066464,-0.21126169832804423,-1.0526478302987938,-0.3023802204127754,-0.7866994633799885,1.159750399560414,55620000.0,0,0,0,0,0,0,0,0,0,0,0,0,0,0,0,0,0,0,0,0,1,0,0,0,0,0,0,0,0,0,0,0,0,0,0,0,0,0,0,0,0,0,0,0,0,0
ALM-11009,2026-02-25,-0.1908791933066464,-0.1961689314857094,-0.43292138072485914,0.17337244297798113,1.5874290841965168,1.2744030652132206,35070000.0,0,0,0,0,0,0,0,0,0,0,0,0,0,0,0,0,0,0,0,0,0,0,0,1,0,0,0,0,0,0,0,0,0,0,0,0,0,0,0,0,0,0,0,0,1,0
ALM-10126,2026-08-29,0.8746450706996342,-0.27163276569738376,-1.0526478302987938,1.4420462120199986,0.8122034360082702,1.102424066734012,37470000.0,0,0,0,0,0,0,0,0,0,1,0,0,0,0,0,0,0,0,0,0,0,0,0,0,0,0,0,0,0,0,0,0,0,0,0,0,0,0,0,0,0,0,0,0,1,0
ALM-10723,2026-04-19,-1.256403457312927,-0.9055289730754479,1.2196824848056333,1.4420462120199986,1.1513646570906282,0.1852027415115599,43960000.0,0,0,0,0,0,0,0,0,0,0,0,0,0,0,0,0,0,1,0,0,0,0,0,0,0,0,0,0,0,0,0,0,0,0,0,0,0,0,0,0,0,0,0,0,1,0
ALM-10114,2026-08-02,-0.1908791933066464,-0.15089063095870472,0.3933805520403871,-0.3023802204127754,0.666848626972974,0.41450807281717295,67690000.0,0,0,0,0,0,0,0,0,0,0,0,0,0,0,0,0,0,0,0,0,1,0,0,0,0,0,0,0,0,0,0,0,0,0,0,0,0,0,0,0,0,0,0,0,1,0
ALM-10682,2026-02-07,1.9401693347059146,1.9545503435470086,-1.0526478302987938,-0.3023802204127754,1.006009848055332,-0.27340792109966616,63580000.0,0,0,0,0,0,0,0,0,0,0,0,0,0,0,0,0,0,0,0,0,0,0,0,1,0,0,0,0,0,0,0,0,0,0,0,0,0,0,0,0,0,0,0,0,1,0
ALM-10605,2026-07-05,-0.1908791933066464,-0.2904987242503023,-0.22634589753354759,1.4420462120199986,0.7153002299847394,-0.10142892262045765,36960000.0,0,0,0,0,0,0,0,0,0,0,0,0,0,0,0,0,0,0,0,0,0,0,0,0,0,0,0,0,0,0,0,0,0,0,0,1,0,0,0,0,0,0,0,0,1,0
ALM-10547,2026-05-07,0.8746450706996342,0.15473789759857606,-0.22634589753354759,-0.9367171049337841,-0.059925418203507254,-1.4199345776277312,51000000.0,0,0,0,0,0,0,0,0,0,0,0,0,0,1,0,0,0,0,0,0,0,0,0,0,0,0,0,0,0,0,0,0,0,0,0,0,0,0,0,0,0,0,0,0,0,1
ALM-10597,2026-05-01,0.8746450706996342,0.16983066444091113,0.3933805520403871,-0.3023802204127754,0.27923580287885064,0.5291607384699795,74930000.0,0,0,0,0,0,0,0,0,0,0,0,0,0,0,0,0,0,0,0,0,1,0,0,0,0,0,0,0,0,0,0,0,0,0,0,0,0,0,0,0,0,0,0,0,0,0
ALM-10046,2026-04-03,-0.1908791933066464,-0.5659417191229135,1.0131070016143218,0.8077093274989898,0.8606550390200356,0.5291607384699795,24770000.0,0,0,0,0,0,0,0,0,0,0,1,0,0,0,0,0,0,0,0,0,0,0,0,0,0,0,0,0,0,0,0,0,0,0,0,0,0,0,0,0,0,0,0,0,1,0
ALM-11080,2026-07-01,-0.1908791933066464,-0.03392168793060948,1.839408934379568,0.8077093274989898,1.3451710691376897,-0.3880605867524727,34250000.0,0,0,0,0,0,0,0,0,0,0,0,0,0,0,0,0,0,0,0,0,0,0,0,1,0,0,0,0,0,0,0,0,0,0,0,0,0,0,0,0,0,0,0,0,1,0
ALM-10774,2026-01-17,1.9401693347059146,1.3772520118277003,-0.22634589753354759,-0.9367171049337841,-1.9010863326505931,0.07055007585875339,59540000.0,0,0,0,0,0,0,0,0,0,0,0,0,0,0,1,0,0,0,0,0,0,0,0,0,0,0,0,0,0,0,0,0,0,0,0,0,0,0,0,0,0,0,0,0,0,0
ALM-11167,2026-06-10,-1.256403457312927,-0.7357353460991807,-0.6394968639161707,-0.9367171049337841,-0.44753824229763056,-0.9613239150165053,19970000.0,0,0,0,0,0,0,0,0,0,0,0,0,0,0,0,0,0,0,0,0,0,0,0,1,0,0,0,0,0,0,0,0,0,0,0,0,0,0,0,0,0,0,0,0,0,1
ALM-10623,2026-05-06,-0.1908791933066464,-0.17730297293279085,-1.0526478302987938,-1.2538855471942885,0.036977787820023575,-0.15875525544685964,50190000.0,0,0,0,0,0,0,0,0,0,0,0,0,0,1,0,0,0,0,0,0,0,0,0,0,0,0,0,0,0,0,0,0,0,0,0,0,0,0,0,0,0,0,0,0,0,0
ALM-11152,2026-03-25,-1.256403457312927,-1.0111783409717918,1.839408934379568,2.2349673176712592,0.909106642031801,0.873118735428399,22060000.0,0,0,0,0,0,0,0,0,0,0,0,0,0,0,0,0,0,0,0,0,0,0,0,0,0,0,0,0,0,1,0,0,0,0,0,0,0,0,0,0,0,0,0,0,1,0
ALM-10739,2026-01-31,0.8746450706996342,0.44527365931352225,-1.0526478302987938,-0.3023802204127754,0.666848626972974,2.1342980576092683,47730000.0,0,0,0,0,0,0,0,0,0,0,0,0,0,0,1,0,0,0,0,0,0,0,0,0,0,0,0,0,0,0,0,0,0,0,0,0,0,0,0,0,0,0,0,0,0,0
ALM-10212,2026-04-04,-0.1908791933066464,-0.30181829938205335,0.5999560352316987,0.17337244297798113,-1.0289574784388156,-0.9613239150165053,19220000.0,0,0,0,0,0,0,0,0,0,0,0,0,0,0,0,0,0,0,0,0,0,0,0,1,0,0,0,0,0,0,0,0,0,0,0,0,0,0,0,0,0,0,0,0,0,1
ALM-10771,2026-04-17,-0.1908791933066464,-0.5508489522805786,1.6328334511882565,1.4420462120199986,0.909106642031801,0.643813404122786,27090000.0,0,0,0,0,0,0,0,0,0,0,0,0,0,0,0,0,0,0,0,0,0,0,0,1,0,0,0,0,0,0,0,0,0,0,0,0,0,0,0,0,0,0,0,0,1,0
ALM-10252,2026-01-23,3.0056935987121953,2.679003151979082,-0.6394968639161707,-0.9367171049337841,-1.319667096509408,-1.3052819119749248,65300000.0,0,0,0,0,0,0,0,0,0,0,0,0,0,0,0,0,0,0,0,0,0,0,0,0,0,0,1,0,0,0,0,0,0,0,0,0,0,0,0,0,0,0,0,0,0,1
ALM-11140,2026-05-07,-1.256403457312927,-1.0413638746564617,-1.0526478302987938,-1.2538855471942885,0.1338809938435544,-0.044102589794053126,21390000.0,0,0,0,0,0,0,0,0,0,0,0,0,0,0,1,0,0,0,0,0,0,0,0,0,0,0,0,0,0,0,0,0,0,0,0,0,0,0,0,0,0,0,0,0,0,0
ALM-11189,2026-02-11,-0.1908791933066464,0.011356612596394955,-0.6394968639161707,0.17337244297798113,-0.9805058754270501,-1.4199345776277312,25560000.0,0,0,0,0,0,0,0,0,0,0,0,0,0,0,0,0,0,0,0,0,0,0,1,0,0,0,0,0,0,0,0,0,0,0,0,0,0,0,0,0,0,0,0,0,0,1
ALM-10700,2026-04-02,-0.1908791933066464,-0.452745967805402,-0.22634589753354759,0.8077093274989898,0.7637518329965048,0.5291607384699795,50470000.0,0,0,0,0,0,0,0,0,0,0,0,0,0,1,0,0,0,0,0,0,0,0,0,0,0,0,0,0,0,0,0,0,0,0,0,0,0,0,0,0,0,0,0,0,1,0
ALM-10115,2026-05-02,-0.1908791933066464,-0.6225395947816692,-0.22634589753354759,1.4420462120199986,1.0544614510670973,0.930445068254801,51550000.0,0,0,0,0,0,0,0,0,0,0,0,0,0,0,0,0,0,1,0,0,0,0,0,0,0,0,0,0,0,0,0,0,0,0,0,0,0,0,0,0,0,0,0,0,1,0
ALM-10687,2026-01-26,-0.1908791933066464,-0.48293150149007164,2.872286350336126,1.4420462120199986,0.9575582450435665,-0.3880605867524727,31180000.0,0,0,0,0,0,0,0,0,0,0,0,0,0,0,0,0,0,0,0,0,0,0,0,0,0,0,0,0,0,1,0,0,0,0,0,0,0,0,0,0,0,0,0,0,1,0
ALM-11018,2026-03-26,0.8746450706996342,0.3132119494430922,0.5999560352316987,0.8077093274989898,1.0544614510670973,0.7584660697755925,35200000.0,0,0,0,0,0,0,0,0,0,0,0,0,0,0,0,0,0,0,0,0,0,0,0,1,0,0,0,0,0,0,0,0,0,0,0,0,0,0,0,0,0,0,0,0,1,0
ALM-10908,2026-08-01,-0.1908791933066464,-0.0905195635893652,-0.22634589753354759,-0.9367171049337841,-0.2537318302505689,-1.4772609104541332,28300000.0,0,0,0,0,0,1,0,0,0,0,0,0,0,0,0,0,0,0,0,0,0,0,0,0,0,0,0,0,0,0,0,0,0,0,0,0,0,0,0,0,0,0,0,0,0,1
ALM-11153,2026-05-05,-1.256403457312927,-0.9055289730754479,-0.43292138072485914,-0.9367171049337841,-1.4650219055447042,-0.27340792109966616,37050000.0,0,0,0,0,0,0,0,0,0,0,0,0,0,1,0,0,0,0,0,0,0,0,0,0,0,0,0,0,0,0,0,0,0,0,0,0,0,0,0,0,0,0,0,0,0,0
ALM-10293,2026-08-13,-1.256403457312927,-1.1658792011057242,-1.0526478302987938,-0.9367171049337841,-0.2537318302505689,-0.9613239150165053,18670000.0,0,0,0,0,0,0,0,0,0,0,0,0,0,0,1,0,0,0,0,0,0,0,0,0,0,0,0,0,0,0,0,0,0,0,0,0,0,0,0,0,0,0,0,0,0,1
ALM-10604,2026-06-27,1.9401693347059146,2.1922614213137828,-0.8460723471074822,-0.9367171049337841,-1.1258606844623464,-0.9039975821901007,76250000.0,0,0,0,0,0,0,0,0,0,0,0,0,0,0,1,0,0,0,0,0,0,0,0,0,0,0,0,0,0,0,0,0,0,0,0,0,0,0,0,0,0,0,0,0,0,1
ALM-10104,2026-06-13,-0.1908791933066464,0.07172767996573447,-0.8460723471074822,-0.3023802204127754,-0.20528022723880351,-1.4772609104541332,34650000.0,0,0,0,0,0,0,0,0,0,0,0,0,0,0,1,0,0,0,0,0,0,0,0,0,0,0,0,0,0,0,0,0,0,0,0,0,0,0,0,0,0,0,0,0,0,1
ALM-10560,2026-07-05,-1.256403457312927,-1.1243740922893033,1.0131070016143218,1.4420462120199986,1.3451710691376897,0.643813404122786,29510000.0,0,0,0,0,0,0,0,0,0,0,0,0,0,1,0,0,0,0,0,0,0,0,0,0,0,0,0,0,0,0,0,0,0,0,0,0,0,0,0,0,0,0,0,0,1,0
ALM-10063,2026-06-04,-0.1908791933066464,-0.35086979161964155,-0.6394968639161707,-0.3023802204127754,-0.6413446543446922,-1.0759765806693118,54120000.0,0,0,0,0,0,0,0,0,0,0,0,0,0,0,0,0,0,0,0,0,1,0,0,0,0,0,0,0,0,0,0,0,0,0,0,0,0,0,0,0,0,0,0,0,0,1
ALM-10318,2026-07-09,-0.1908791933066464,-0.06410722161527936,1.0131070016143218,0.17337244297798113,1.248267863114159,1.0450977339076075,57600000.0,0,0,0,0,0,0,0,0,0,0,0,0,0,1,0,0,0,0,0,0,0,0,0,0,0,0,0,0,0,0,0,0,0,0,0,0,0,0,0,0,0,0,0,0,1,0
ALM-10897,2026-03-29,-0.1908791933066464,-0.21126169832804423,-0.6394968639161707,-1.2538855471942885,-0.495989845309396,-0.44538691957887466,26490000.0,0,0,0,0,0,0,0,0,0,0,0,0,0,0,0,0,0,0,0,0,0,0,0,1,0,0,0,0,0,0,0,0,0,0,0,0,0,0,0,0,0,0,0,0,0,0
ALM-11179,2026-04-21,-1.256403457312927,-0.8074259886002713,0.5999560352316987,-0.3023802204127754,-0.9320542724152847,-0.7893449165372942,21730000.0,0,0,0,0,0,0,0,0,0,0,0,0,0,0,1,0,0,0,0,0,0,0,0,0,0,0,0,0,0,0,0,0,0,0,0,0,0,0,0,0,0,0,0,0,0,1
ALM-10769,2026-04-15,-0.1908791933066464,-0.09429275529994899,0.18680506884907555,-0.3023802204127754,-0.6413446543446922,-0.5600395852316812,31760000.0,0,0,0,0,0,0,0,0,0,0,0,0,0,0,1,0,0,0,0,0,0,0,0,0,0,0,0,0,0,0,0,0,0,0,0,0,0,0,0,0,0,0,0,0,0,1
ALM-10381,2026-04-14,-1.256403457312927,-0.8413847139955246,-0.6394968639161707,-0.3023802204127754,0.9575582450435665,0.930445068254801,22490000.0,0,0,0,0,0,0,0,0,0,0,0,0,0,0,0,0,0,0,0,0,0,0,0,1,0,0,0,0,0,0,0,0,0,0,0,0,0,0,0,0,0,0,0,0,1,0
ALM-10996,2026-07-25,0.8746450706996342,0.4377272758923547,-1.0526478302987938,0.17337244297798113,-1.2712154934976427,-0.9039975821901007,51980000.0,0,0,0,0,0,0,0,0,0,0,0,0,0,1,0,0,0,0,0,0,0,0,0,0,0,0,0,0,0,0,0,0,0,0,0,0,0,0,0,0,0,0,0,0,0,1
ALM-10184,2026-06-06,-0.1908791933066464,0.13209874733507396,-1.0526478302987938,-1.0953013260640363,-1.0289574784388156,-0.044102589794053126,35010000.0,0,0,0,0,0,0,0,0,0,0,0,0,0,0,0,0,0,0,0,0,0,0,0,0,0,0,0,0,0,1,0,0,0,0,0,0,0,0,0,0,0,0,0,0,0,0
ALM-10932,2026-04-06,-1.256403457312927,-0.8715702476801945,-0.6394968639161707,-0.3023802204127754,-0.9805058754270501,-1.5919135761069398,24020000.0,0,0,0,0,0,0,0,0,0,0,0,0,0,0,0,0,0,0,0,0,0,0,0,0,0,0,0,0,0,1,0,0,0,0,0,0,0,0,0,0,0,0,0,0,0,1
ALM-10999,2026-05-30,-1.256403457312927,-0.931941315049534,-1.0526478302987938,-0.9367171049337841,-1.2712154934976427,1.61836106217164,38540000.0,0,0,0,0,0,0,0,0,0,0,0,0,0,0,0,0,0,1,0,0,0,0,0,0,0,0,0,0,0,0,0,0,0,0,0,0,0,0,0,0,0,0,0,0,0,0
ALM-11129,2026-05-10,-1.256403457312927,-0.6602715118875063,-0.43292138072485914,0.17337244297798113,-0.3990866392858652,-0.9613239150165053,40660000.0,0,0,0,1,0,0,0,0,0,0,0,0,0,0,0,0,0,0,0,0,0,0,0,0,0,0,0,0,0,0,0,0,0,0,0,0,0,0,0,0,0,0,0,0,0,1
ALM-10624,2026-06-21,-1.256403457312927,-0.8451579057061084,0.3933805520403871,-0.3023802204127754,0.08542939083178899,1.2744030652132206,18160000.0,0,0,0,0,0,0,0,0,0,0,1,0,0,0,0,0,0,0,0,0,0,0,0,0,0,0,0,0,0,0,0,0,0,0,0,0,0,0,0,0,0,0,0,0,0,0
ALM-11121,2026-07-05,-0.1908791933066464,-0.09806594701053276,-0.43292138072485914,0.8077093274989898,1.1998162601023936,0.873118735428399,32800000.0,0,0,0,0,0,0,0,0,0,0,1,0,0,0,0,0,0,0,0,0,0,0,0,0,0,0,0,0,0,0,0,0,0,0,0,0,0,0,0,0,0,0,0,0,1,0
ALM-11113,2026-04-12,-1.256403457312927,-0.626312786492253,-0.43292138072485914,-0.9367171049337841,-0.6897962573564577,-0.9613239150165053,39930000.0,0,0,0,0,0,0,0,0,0,0,0,0,0,0,0,0,0,0,0,0,1,0,0,0,0,0,0,0,0,0,0,0,0,0,0,0,0,0,0,0,0,0,0,0,0,1
ALM-10447,2026-04-08,-1.256403457312927,-0.8451579057061084,-0.6394968639161707,-0.9367171049337841,-0.7382478603682231,-1.5345872432805379,35180000.0,0,0,0,0,0,0,0,0,0,0,0,0,0,0,0,0,0,1,0,0,0,0,0,0,0,0,0,0,0,0,0,0,0,0,0,0,0,0,0,0,0,0,0,0,0,1
ALM-10742,2026-02-21,0.8746450706996342,0.5848817526051199,-0.8460723471074822,-0.3023802204127754,-1.4165703025329388,-0.7320185837108922,39840000.0,0,0,0,0,0,0,0,0,0,0,0,0,0,0,0,0,0,0,0,0,0,0,0,0,0,0,1,0,0,0,0,0,0,0,0,0,0,0,0,0,0,0,0,0,0,1
ALM-11166,2026-04-28,-0.1908791933066464,-0.6866838538615925,1.2196824848056333,0.17337244297798113,1.1998162601023936,0.1852027415115599,32160000.0,0,0,0,0,0,0,0,0,0,0,0,0,0,0,1,0,0,0,0,0,0,0,0,0,0,0,0,0,0,0,0,0,0,0,0,0,0,0,0,0,0,0,0,0,1,0
ALM-10081,2026-02-13,-0.1908791933066464,-0.5206634185959088,-1.0526478302987938,0.17337244297798113,1.490525878172986,0.5291607384699795,23610000.0,0,0,0,0,0,0,0,0,0,0,0,0,0,0,0,0,0,0,0,0,0,0,0,0,0,0,1,0,0,0,0,0,0,0,0,0,0,0,0,0,0,0,0,0,1,0
ALM-10730,2026-06-21,-0.1908791933066464,-0.10561233043170003,-0.43292138072485914,-0.3023802204127754,0.4245906119141469,-0.21608158827326163,58020000.0,0,0,0,0,0,0,0,0,0,0,0,0,0,0,0,0,0,0,0,0,1,0,0,0,0,0,0,0,0,0,0,0,0,0,0,0,0,0,0,0,0,0,0,0,0,0
ALM-10192,2026-07-01,-0.1908791933066464,0.026449379438730033,3.285437316718749,2.2349673176712592,1.1029130540788628,-0.15875525544685964,40110000.0,0,0,0,0,0,0,0,0,0,0,0,0,0,0,0,0,0,0,0,0,0,0,0,0,0,0,1,0,0,0,0,0,0,0,0,0,0,0,0,0,0,0,0,0,1,0
ALM-10169,2026-03-06,-1.256403457312927,-0.9130753564966154,-0.019770414342236024,0.17337244297798113,-0.495989845309396,-0.9039975821901007,21060000.0,0,0,0,0,0,0,0,0,0,0,0,0,0,0,0,0,0,0,0,0,0,0,0,0,0,0,1,0,0,0,0,0,0,0,0,0,0,0,0,0,0,0,0,0,0,1
ALM-10364,2026-04-05,-1.256403457312927,-0.7319621543885969,-0.6394968639161707,-0.9367171049337841,-1.1743122874741119,-0.9039975821901007,25250000.0,0,0,0,0,0,0,0,0,0,0,0,0,0,0,1,0,0,0,0,0,0,0,0,0,0,0,0,0,0,0,0,0,0,0,0,0,0,0,0,0,0,0,0,0,0,1
ALM-10341,2026-07-12,0.8746450706996342,0.8037268718189753,-0.22634589753354759,-0.9367171049337841,-1.077409081450581,-0.7893449165372942,69040000.0,0,0,0,0,0,0,0,0,0,0,0,0,0,0,0,0,0,0,0,0,0,0,0,0,0,0,0,0,0,0,0,0,0,0,0,0,0,0,0,1,0,0,0,0,0,1
ALM-10707,2026-04-03,-0.1908791933066464,3.7037464643913776e-05,0.3933805520403871,0.17337244297798113,-0.8836026694035193,-1.2479555791485202,43060000.0,0,0,0,0,0,0,0,0,0,0,0,0,0,1,0,0,0,0,0,0,0,0,0,0,0,0,0,0,0,0,0,0,0,0,0,0,0,0,0,0,0,0,0,0,0,1
ALM-10026,2026-06-26,-0.1908791933066464,-0.5433025688594111,0.5999560352316987,-0.3023802204127754,-1.1743122874741119,-0.44538691957887466,22020000.0,0,0,0,0,0,0,0,0,0,0,1,0,0,0,0,0,0,0,0,0,0,0,0,0,0,0,0,0,0,0,0,0,0,0,0,0,0,0,0,0,0,0,0,0,0,1
ALM-10239,2026-06-23,0.8746450706996342,1.1470873174820937,-0.22634589753354759,-0.9367171049337841,-0.5928930513329268,-0.6746922508844877,40300000.0,0,0,0,0,0,0,0,0,0,0,0,0,0,0,0,0,0,0,0,0,0,0,0,0,0,0,1,0,0,0,0,0,0,0,0,0,0,0,0,0,0,0,0,0,0,1
ALM-11123,2026-04-14,-1.256403457312927,-0.8036527968896875,1.0131070016143218,0.17337244297798113,-0.5444414483211614,-1.0759765806693118,21860000.0,0,0,0,0,0,0,0,0,0,0,0,0,0,0,0,0,0,0,0,0,0,0,0,0,0,0,0,0,0,1,0,0,0,0,0,0,0,0,0,0,0,0,0,0,0,1
ALM-10247,2026-02-15,-0.1908791933066464,-0.4791583097794881,-0.6394968639161707,-1.2538855471942885,-1.8041831266270623,-0.044102589794053126,39110000.0,0,0,0,0,0,0,0,0,0,0,0,0,0,1,0,0,0,0,0,0,0,0,0,0,0,0,0,0,0,0,0,0,0,0,0,0,0,0,0,0,0,0,0,0,0,0
ALM-10064,2026-03-20,-1.256403457312927,-1.0036319575506245,0.3933805520403871,0.8077093274989898,0.8122034360082702,1.159750399560414,25180000.0,0,0,0,0,0,0,0,0,0,0,0,0,0,0,1,0,0,0,0,0,0,0,0,0,0,0,0,0,0,0,0,0,0,0,0,0,0,0,0,0,0,0,0,0,1,0
ALM-10537,2026-02-07,-1.256403457312927,-0.7546013046520993,-0.8460723471074822,-0.9367171049337841,-0.5928930513329268,1.2744030652132206,25920000.0,0,0,0,0,0,0,0,0,0,0,0,0,0,0,0,0,0,0,0,0,0,0,0,0,0,0,0,0,0,1,0,0,0,0,0,0,0,0,0,0,0,0,0,0,0,0
ALM-10497,2026-08-18,0.8746450706996342,0.4113149339182692,-0.6394968639161707,-0.9367171049337841,-0.011473815191741843,-0.6173659180580857,60030000.0,0,0,0,0,0,0,0,0,0,0,0,0,0,0,0,0,0,1,0,0,0,0,0,0,0,0,0,0,0,0,0,0,0,0,0,0,0,0,0,0,0,0,0,0,0,1
ALM-10524,2026-07-10,3.0056935987121953,2.3167767477630457,-0.019770414342236024,0.17337244297798113,0.8122034360082702,0.07055007585875339,86380000.0,0,0,0,0,0,0,0,0,0,0,0,0,0,0,0,0,0,0,0,0,0,0,0,0,0,0,0,0,0,1,0,0,0,0,0,0,0,0,0,0,0,0,0,0,1,0
ALM-10981,2026-07-16,0.8746450706996342,0.9735204987952425,-1.0526478302987938,0.17337244297798113,1.006009848055332,0.5864870712963814,91720000.0,0,0,0,0,0,0,0,0,0,0,0,0,0,1,0,0,0,0,0,0,0,0,0,0,0,0,0,0,0,0,0,0,0,0,0,0,0,0,0,0,0,0,0,0,1,0
ALM-10248,2026-06-17,0.8746450706996342,0.7509021878708035,2.0459844175708795,2.2349673176712592,1.2967194661259243,-0.15875525544685964,59440000.0,0,0,0,0,0,0,0,0,0,0,0,0,0,0,1,0,0,0,0,0,0,0,0,0,0,0,0,0,0,0,0,0,0,0,0,0,0,0,0,0,0,0,0,0,1,0
ALM-10374,2026-04-28,0.8746450706996342,0.7659949547131382,-1.0526478302987938,-0.3023802204127754,-0.2537318302505689,-0.5600395852316812,46060000.0,0,0,0,0,0,0,0,0,0,0,0,0,0,0,0,0,0,0,0,0,0,0,0,0,0,0,0,0,0,0,0,0,1,0,0,0,0,0,0,0,0,0,0,0,0,1
ALM-10980,2026-07-05,0.8746450706996342,1.1206749755080077,0.8065315184230102,0.17337244297798113,1.1029130540788628,-0.15875525544685964,88740000.0,0,0,0,0,0,0,0,0,0,0,0,0,0,1,0,0,0,0,0,0,0,0,0,0,0,0,0,0,0,0,0,0,0,0,0,0,0,0,0,0,0,0,0,0,1,0
ALM-10612,2026-03-10,1.9401693347059146,2.1017048202597737,0.3933805520403871,-0.3023802204127754,-0.35063503627409975,1.389055730866027,89990000.0,0,0,0,0,0,0,0,0,0,0,0,0,0,0,1,0,0,0,0,0,0,0,0,0,0,0,0,0,0,0,0,0,0,0,0,0,0,0,0,0,0,0,0,0,0,0
ALM-10070,2026-03-15,-0.1908791933066464,-0.28672553253971855,0.3933805520403871,-0.3023802204127754,-1.2712154934976427,-0.6173659180580857,23350000.0,0,0,0,0,0,0,0,0,0,0,0,0,0,0,0,0,0,0,0,0,0,0,0,1,0,0,0,0,0,0,0,0,0,0,0,0,0,0,0,0,0,0,0,0,0,1
ALM-10386,2026-05-04,-0.1908791933066464,-0.3282306413561395,-1.0526478302987938,-0.9367171049337841,-1.0289574784388156,-0.7320185837108922,24920000.0,0,0,0,0,0,0,0,0,0,0,0,0,0,0,0,0,0,0,0,0,0,0,0,0,0,0,1,0,0,0,0,0,0,0,0,0,0,0,0,0,0,0,0,0,0,1
ALM-10258,2026-02-12,-1.256403457312927,-0.822518755442606,1.2196824848056333,1.4420462120199986,1.4420742751612206,0.5291607384699795,22930000.0,0,0,0,0,0,0,0,0,0,0,0,0,0,0,0,0,0,0,0,0,0,0,0,1,0,0,0,0,0,0,0,0,0,0,0,0,0,0,0,0,0,0,0,0,1,0
ALM-10355,2026-04-02,-0.1908791933066464,-0.45651915951598576,-1.0526478302987938,-0.9367171049337841,-0.5928930513329268,1.159750399560414,24840000.0,0,0,0,0,0,0,0,0,0,0,0,0,0,0,0,0,0,0,0,0,0,0,0,0,0,0,1,0,0,0,0,0,0,0,0,0,0,0,0,0,0,0,0,0,0,0
ALM-10367,2026-03-07,-0.1908791933066464,-0.2452204237232976,0.3933805520403871,0.17337244297798113,-0.44753824229763056,-0.5600395852316812,23620000.0,0,0,0,0,0,0,0,0,0,0,1,0,0,0,0,0,0,0,0,0,0,0,0,0,0,0,0,0,0,0,0,0,0,0,0,0,0,0,0,0,0,0,0,0,0,1
ALM-10203,2026-06-26,-1.256403457312927,-1.0111783409717918,-0.43292138072485914,-0.3023802204127754,-0.5928930513329268,1.5037083965188336,16470000.0,0,0,0,0,0,0,0,0,0,0,0,0,0,0,0,0,0,0,0,0,0,0,0,1,0,0,0,0,0,0,0,0,0,0,0,0,0,0,0,0,0,0,0,0,0,0
ALM-10376,2026-08-17,1.9401693347059146,1.3961179703806188,-1.0526478302987938,-0.9367171049337841,-0.8836026694035193,-1.3626082448013268,89440000.0,0,0,0,0,0,0,0,0,0,0,0,0,0,0,0,0,0,1,0,0,0,0,0,0,0,0,0,0,0,0,0,0,0,0,0,0,0,0,0,0,0,0,0,0,0,1
ALM-10125,2026-07-19,-1.256403457312927,-0.8036527968896875,1.0131070016143218,0.17337244297798113,-0.9805058754270501,-0.9613239150165053,15810000.0,0,0,0,0,0,0,0,0,0,0,0,0,0,0,0,0,0,0,0,0,0,0,0,1,0,0,0,0,0,0,0,0,0,0,0,0,0,0,0,0,0,0,0,0,0,1
ALM-10976,2026-07-30,-1.256403457312927,-0.9093021647860317,0.8065315184230102,1.4420462120199986,1.1513646570906282,0.7584660697755925,22810000.0,0,0,0,0,0,0,0,0,0,0,0,1,0,0,0,0,0,0,0,0,0,0,0,0,0,0,0,0,0,0,0,0,0,0,0,0,0,0,0,0,0,0,0,0,1,0
ALM-10484,2026-05-10,-1.256403457312927,-0.9545804653130361,0.18680506884907555,1.4420462120199986,1.5874290841965168,0.643813404122786,22040000.0,0,0,0,0,0,0,0,0,0,0,0,0,0,0,0,0,0,0,0,0,0,0,0,0,0,0,0,0,0,0,0,0,0,0,0,0,1,0,0,0,0,0,0,0,1,0
ALM-10949,2026-07-29,-1.256403457312927,-0.9621268487342036,-0.22634589753354759,-0.9367171049337841,-0.3990866392858652,-0.6746922508844877,29910000.0,0,0,0,0,0,0,0,0,0,0,0,0,0,0,0,0,0,0,0,0,1,0,0,0,0,0,0,0,0,0,0,0,0,0,0,0,0,0,0,0,0,0,0,0,0,1
ALM-10124,2026-03-01,1.9401693347059146,1.6111898978838908,-0.8460723471074822,-1.2538855471942885,-1.6103767145800005,1.5610347293452356,75270000.0,0,0,0,0,0,0,0,0,0,0,0,0,0,0,1,0,0,0,0,0,0,0,0,0,0,0,0,0,0,0,0,0,0,0,0,0,0,0,0,0,0,0,0,0,0,0
ALM-11200,2026-07-08,0.8746450706996342,0.7924072966872242,-0.22634589753354759,0.17337244297798113,-0.059925418203507254,-1.3626082448013268,71940000.0,0,0,0,0,0,0,0,0,0,0,0,0,0,0,0,0,0,1,0,0,0,0,0,0,0,0,0,0,0,0,0,0,0,0,0,0,0,0,0,0,0,0,0,0,0,1
ALM-10610,2026-06-18,-0.1908791933066464,-0.1433442475375372,0.3933805520403871,1.4420462120199986,0.7153002299847394,0.7584660697755925,55940000.0,0,0,0,0,0,0,0,0,0,0,0,0,0,0,0,0,0,0,0,0,0,0,0,0,0,0,0,0,0,0,0,0,0,1,0,0,0,0,0,0,0,0,0,0,1,0
ALM-11188,2026-02-21,0.8746450706996342,0.9357885816894054,1.2196824848056333,0.17337244297798113,-0.9805058754270501,-1.0186502478429071,35130000.0,0,0,0,0,0,0,0,0,0,0,0,0,0,0,0,0,0,0,0,0,0,0,0,0,0,0,1,0,0,0,0,0,0,0,0,0,0,0,0,0,0,0,0,0,0,1
ALM-10651,2026-08-06,0.8746450706996342,0.9546545402423239,0.5999560352316987,-0.3023802204127754,-0.2537318302505689,-0.8466712493636988,61750000.0,0,0,0,0,0,0,0,0,0,0,0,0,0,1,0,0,0,0,0,0,0,0,0,0,0,0,0,0,0,0,0,0,0,0,0,0,0,0,0,0,0,0,0,0,0,1
ALM-10108,2026-04-30,-1.256403457312927,-0.7810136466261853,-1.0526478302987938,-0.3023802204127754,1.5874290841965168,-0.3880605867524727,25060000.0,0,0,0,0,0,0,0,0,0,0,0,0,0,0,1,0,0,0,0,0,0,0,0,0,0,0,0,0,0,0,0,0,0,0,0,0,0,0,0,0,0,0,0,0,1,0
ALM-10899,2026-03-19,-0.1908791933066464,-0.03392168793060948,0.5999560352316987,-0.3023802204127754,-1.658828317591766,0.930445068254801,36600000.0,0,0,0,0,0,0,0,0,0,0,0,0,0,0,0,0,0,0,0,0,0,0,0,0,0,0,0,0,0,1,0,0,0,0,0,0,0,0,0,0,0,0,0,0,0,0
ALM-10661,2026-05-09,1.9401693347059146,2.030014177758683,-0.22634589753354759,0.17337244297798113,-0.10837702121527268,-1.4199345776277312,50900000.0,0,0,0,0,0,0,0,0,0,0,1,0,0,0,0,0,0,0,0,0,0,0,0,0,0,0,0,0,0,0,0,0,0,0,0,0,0,0,0,0,0,0,0,0,0,1
ALM-11051,2026-02-18,0.8746450706996342,0.07550087167631823,1.426257967996945,0.8077093274989898,1.4420742751612206,1.2744030652132206,31780000.0,0,0,0,0,0,0,0,0,0,0,0,0,0,0,0,0,0,0,0,0,0,0,0,1,0,0,0,0,0,0,0,0,0,0,0,0,0,0,0,0,0,0,0,0,1,0
ALM-10228,2026-06-27,-0.1908791933066464,0.14719151417740906,0.18680506884907555,-0.3023802204127754,-1.4165703025329388,-0.9613239150165053,62130000.0,0,0,0,0,0,0,0,0,0,0,0,0,0,0,0,0,0,0,0,0,1,0,0,0,0,0,0,0,0,0,0,0,0,0,0,0,0,0,0,0,0,0,0,0,0,1
ALM-10456,2026-01-30,0.8746450706996342,-0.018828921088274664,-0.6394968639161707,-0.9367171049337841,0.4245906119141469,0.41450807281717295,57960000.0,0,0,0,0,0,0,0,0,0,0,0,0,0,1,0,0,0,0,0,0,0,0,0,0,0,0,0,0,0,0,0,0,0,0,0,0,0,0,0,0,0,0,0,0,0,0
ALM-10023,2026-08-14,0.8746450706996342,0.16605747273032762,-0.22634589753354759,-0.9367171049337841,-0.2537318302505689,-1.1333029134957138,66950000.0,0,0,0,0,0,0,0,0,0,0,0,0,0,0,0,0,0,0,0,0,1,0,0,0,0,0,0,0,0,0,0,0,0,0,0,0,0,0,0,0,0,0,0,0,0,1
ALM-10272,2026-02-18,-0.1908791933066464,-0.7055498124145111,0.5999560352316987,-0.3023802204127754,-0.20528022723880351,-0.7320185837108922,20690000.0,0,0,0,0,0,0,0,0,0,0,1,0,0,0,0,0,0,0,0,0,0,0,0,0,0,0,0,0,0,0,0,0,0,0,0,0,0,0,0,0,0,0,0,0,0,1
ALM-10016,2026-01-29,-1.256403457312927,-0.8413847139955246,1.426257967996945,2.2349673176712592,1.490525878172986,0.12787640868515537,32100000.0,0,0,0,0,0,0,0,0,0,0,0,0,0,0,1,0,0,0,0,0,0,0,0,0,0,0,0,0,0,0,0,0,0,0,0,0,0,0,0,0,0,0,0,0,1,0
ALM-10974,2026-08-09,-1.256403457312927,-0.8677970559696108,-0.43292138072485914,-0.9367171049337841,-0.7866994633799885,-0.33073425392606814,25660000.0,0,0,0,0,0,0,0,0,0,0,0,0,0,0,0,0,0,0,0,0,0,0,0,0,0,0,0,0,0,1,0,0,0,0,0,0,0,0,0,0,0,0,0,0,0,0
ALM-10864,2026-06-13,-0.1908791933066464,-0.4187872424101486,-0.22634589753354759,-0.3023802204127754,-1.319667096509408,-0.5600395852316812,28530000.0,0,0,0,0,0,0,0,0,0,0,0,0,0,0,1,0,0,0,0,0,0,0,0,0,0,0,0,0,0,0,0,0,0,0,0,0,0,0,0,0,0,0,0,0,0,1
ALM-10827,2026-03-20,-0.1908791933066464,-0.018828921088274664,1.2196824848056333,2.2349673176712592,1.3451710691376897,1.0450977339076075,58640000.0,0,0,0,0,0,0,0,0,0,0,0,0,0,0,0,0,0,1,0,0,0,0,0,0,0,0,0,0,0,0,0,0,0,0,0,0,0,0,0,0,0,0,0,0,1,0
ALM-10413,2026-03-02,0.8746450706996342,0.71694346247555,1.0131070016143218,0.8077093274989898,1.2967194661259243,0.8157924026019945,95590000.0,0,0,0,0,0,0,0,0,0,0,0,0,0,0,0,0,0,0,0,0,1,0,0,0,0,0,0,0,0,0,0,0,0,0,0,0,0,0,0,0,0,0,0,0,1,0
ALM-10971,2026-03-21,0.8746450706996342,0.6641187785273777,-1.0526478302987938,-0.9367171049337841,-0.6897962573564577,-1.4199345776277312,33590000.0,0,0,0,0,0,0,0,0,0,0,1,0,0,0,0,0,0,0,0,0,0,0,0,0,0,0,0,0,0,0,0,0,0,0,0,0,0,0,0,0,0,0,0,0,0,1
ALM-10892,2026-01-23,-1.256403457312927,-0.6338591699134203,-0.019770414342236024,-0.3023802204127754,-1.077409081450581,1.7330137278244466,22330000.0,0,0,0,0,0,0,0,0,0,0,1,0,0,0,0,0,0,0,0,0,0,0,0,0,0,0,0,0,0,0,0,0,0,0,0,0,0,0,0,0,0,0,0,0,0,0
ALM-10080,2026-02-16,0.8746450706996342,0.7961804883978078,-0.8460723471074822,-1.2538855471942885,-0.9320542724152847,1.675687394998042,78510000.0,0,0,0,0,0,0,0,0,0,0,0,0,0,0,0,0,0,1,0,0,0,0,0,0,0,0,0,0,0,0,0,0,0,0,0,0,0,0,0,0,0,0,0,0,0,0
ALM-10684,2026-01-26,1.9401693347059146,1.2150047682726006,-0.8460723471074822,-0.9367171049337841,-1.4165703025329388,-1.4772609104541332,85210000.0,0,0,0,0,0,0,0,0,0,0,0,0,0,0,0,0,0,1,0,0,0,0,0,0,0,0,0,0,0,0,0,0,0,0,0,0,0,0,0,0,0,0,0,0,0,1
ALM-10148,2026-02-28,-0.1908791933066464,-0.626312786492253,-0.43292138072485914,0.17337244297798113,-0.8836026694035193,-0.9039975821901007,24750000.0,0,1,0,0,0,0,0,0,0,0,0,0,0,0,0,0,0,0,0,0,0,0,0,0,0,0,0,0,0,0,0,0,0,0,0,0,0,0,0,0,0,0,0,0,0,1
ALM-10766,2026-08-08,-0.1908791933066464,-0.6942302372827598,-1.0526478302987938,-0.3023802204127754,-0.5444414483211614,0.3571817399907684,50450000.0,0,0,0,0,0,0,0,0,0,0,0,0,0,0,0,0,0,0,0,0,0,0,0,0,0,0,0,0,0,0,0,0,0,0,1,0,0,0,0,0,0,0,0,0,0,0
ALM-10807,2026-01-20,-0.1908791933066464,-0.056560838194111826,-1.0526478302987938,1.4420462120199986,0.7637518329965048,-0.10142892262045765,61590000.0,0,0,0,0,0,0,0,0,0,0,0,0,0,0,0,0,0,1,0,0,0,0,0,0,0,0,0,0,0,0,0,0,0,0,0,0,0,0,0,0,0,0,0,0,1,0
ALM-10970,2026-08-04,0.8746450706996342,0.6980775039226313,-0.8460723471074822,-1.2538855471942885,-1.658828317591766,-0.10142892262045765,56830000.0,0,0,0,0,0,0,0,0,0,0,0,0,0,0,1,0,0,0,0,0,0,0,0,0,0,0,0,0,0,0,0,0,0,0,0,0,0,0,0,0,0,0,0,0,0,0
ALM-10760,2026-01-10,-0.1908791933066464,0.003810229175227683,1.6328334511882565,0.8077093274989898,1.0544614510670973,0.930445068254801,42460000.0,0,0,0,0,0,0,0,0,0,0,0,0,0,0,0,0,0,0,0,0,0,0,0,0,0,0,0,0,0,0,0,0,1,0,0,0,0,0,0,0,0,0,0,0,1,0
ALM-10789,2026-08-26,0.8746450706996342,0.969747307084659,-0.6394968639161707,-0.9367171049337841,-0.8836026694035193,-1.0759765806693118,40610000.0,0,0,0,0,0,0,0,0,0,0,0,0,0,0,0,0,0,0,0,0,0,0,0,0,0,0,1,0,0,0,0,0,0,0,0,0,0,0,0,0,0,0,0,0,0,1
ALM-11062,2026-06-04,0.8746450706996342,0.7924072966872242,-0.8460723471074822,0.17337244297798113,-0.6413446543446922,-1.3052819119749248,36710000.0,0,0,0,0,0,0,0,0,0,0,0,0,0,0,0,0,0,0,0,0,0,0,0,0,0,0,1,0,0,0,0,0,0,0,0,0,0,0,0,0,0,0,0,0,0,1
ALM-10090,2026-07-10,0.8746450706996342,0.6829847370802963,2.0459844175708795,2.2349673176712592,1.006009848055332,0.643813404122786,67530000.0,0,0,0,0,0,0,0,0,0,0,0,0,0,0,0,0,0,0,0,0,0,0,0,0,0,0,0,0,0,1,0,0,0,0,0,0,0,0,0,0,0,0,0,0,1,0
ALM-10929,2026-07-25,-0.1908791933066464,-0.22635446517037905,-0.8460723471074822,-1.2538855471942885,-1.4650219055447042,-0.044102589794053126,45340000.0,0,0,0,0,0,0,0,0,0,0,0,0,0,0,0,0,0,0,0,0,0,0,0,0,0,0,0,0,0,1,0,0,0,0,0,0,0,0,0,0,0,0,0,0,0,0
ALM-10545,2026-08-06,0.8746450706996342,0.7093970790543824,0.18680506884907555,-0.3023802204127754,-0.15682862422703808,0.873118735428399,72930000.0,0,0,0,0,0,0,0,0,0,0,0,0,0,1,0,0,0,0,0,0,0,0,0,0,0,0,0,0,0,0,0,0,0,0,0,0,0,0,0,0,0,0,0,0,0,0
ALM-10121,2026-01-17,-1.256403457312927,-0.7961064134685202,0.8065315184230102,0.17337244297798113,-0.2537318302505689,-0.6173659180580857,38610000.0,0,0,0,0,0,0,0,0,0,0,0,0,0,0,0,0,0,0,0,0,1,0,0,0,0,0,0,0,0,0,0,0,0,0,0,0,0,0,0,0,0,0,0,0,0,1
ALM-10098,2026-05-15,-0.1908791933066464,-0.6527251284663388,-0.019770414342236024,2.2349673176712592,0.8606550390200356,0.930445068254801,49470000.0,0,0,0,0,0,0,0,0,0,0,0,0,0,1,0,0,0,0,0,0,0,0,0,0,0,0,0,0,0,0,0,0,0,0,0,0,0,0,0,0,0,0,0,0,1,0
ALM-10581,2026-01-09,0.8746450706996342,0.24906769036316895,-0.43292138072485914,-0.3023802204127754,1.1998162601023936,-0.044102589794053126,67560000.0,0,0,0,0,0,0,0,0,0,0,0,0,0,0,0,0,0,1,0,0,0,0,0,0,0,0,0,0,0,0,0,0,0,0,0,0,0,0,0,0,0,0,0,0,1,0
ALM-10796,2026-08-21,1.9401693347059146,1.218777959983184,0.18680506884907555,0.8077093274989898,0.909106642031801,0.701139736949188,76730000.0,0,0,0,0,0,0,0,0,0,0,0,0,0,0,0,0,0,0,0,0,0,0,0,0,0,0,0,0,0,0,0,0,0,0,0,0,0,0,0,0,1,0,0,0,1,0
ALM-10952,2026-01-05,0.8746450706996342,0.6943043122120478,0.5999560352316987,1.4420462120199986,0.909106642031801,0.3571817399907684,57310000.0,0,0,0,0,0,0,0,0,0,0,0,0,0,0,0,0,0,0,0,0,0,0,0,0,0,0,0,0,0,0,0,0,0,0,0,0,0,0,1,0,0,0,0,0,1,0
ALM-10270,2026-01-01,-0.1908791933066464,-0.464065542937153,0.18680506884907555,0.17337244297798113,1.248267863114159,-0.27340792109966616,55950000.0,0,0,0,0,0,0,0,0,0,0,0,0,0,0,0,0,0,1,0,0,0,0,0,0,0,0,0,0,0,0,0,0,0,0,0,0,0,0,0,0,0,0,0,0,1,0
ALM-10309,2026-05-22,0.8746450706996342,0.23020173181025036,0.8065315184230102,0.8077093274989898,1.5874290841965168,1.0450977339076075,79570000.0,0,0,0,0,0,0,0,0,0,0,0,0,0,0,0,0,0,0,0,1,0,0,0,0,0,0,0,0,0,0,0,0,0,0,0,0,0,0,0,0,0,0,0,0,1,0
ALM-11064,2026-04-21,0.8746450706996342,1.565911597356886,-0.8460723471074822,-0.9367171049337841,-1.9979895386741238,0.873118735428399,66840000.0,0,0,0,0,0,0,0,0,0,0,0,0,0,0,0,0,0,0,0,0,0,0,0,0,0,0,0,0,0,1,0,0,0,0,0,0,0,0,0,0,0,0,0,0,0,0
ALM-10211,2026-02-13,-0.1908791933066464,-0.6791374704404249,-0.8460723471074822,-0.9367171049337841,0.5699454209494431,1.7330137278244466,46010000.0,0,0,0,0,0,0,0,0,0,0,0,0,0,0,0,0,0,1,0,0,0,0,0,0,0,0,0,0,0,0,0,0,0,0,0,0,0,0,0,0,0,0,0,0,0,0
ALM-10145,2026-06-01,1.9401693347059146,1.713066074069651,3.4920127999100607,2.2349673176712592,1.1029130540788628,0.930445068254801,81790000.0,0,0,0,0,0,0,0,0,0,0,0,0,0,0,1,0,0,0,0,0,0,0,0,0,0,0,0,0,0,0,0,0,0,0,0,0,0,0,0,0,0,0,0,0,1,0
ALM-10232,2026-01-06,-1.256403457312927,-0.6451787450451716,-1.0526478302987938,-0.3023802204127754,-0.495989845309396,-1.2479555791485202,37410000.0,0,0,0,0,0,0,0,0,0,0,0,0,0,0,0,0,0,1,0,0,0,0,0,0,0,0,0,0,0,0,0,0,0,0,0,0,0,0,0,0,0,0,0,0,0,1
ALM-11095,2026-04-21,-0.1908791933066464,-0.31691106622438814,1.839408934379568,0.8077093274989898,0.666848626972974,-0.044102589794053126,58980000.0,0,0,0,0,0,0,0,0,0,0,0,0,0,1,0,0,0,0,0,0,0,0,0,0,0,0,0,0,0,0,0,0,0,0,0,0,0,0,0,0,0,0,0,0,1,0
ALM-10828,2026-04-08,0.8746450706996342,0.7282630376073009,-0.6394968639161707,-0.9367171049337841,-0.15682862422703808,0.5864870712963814,74160000.0,0,0,0,0,0,0,0,0,0,0,0,0,0,0,0,0,0,0,0,0,1,0,0,0,0,0,0,0,0,0,0,0,0,0,0,0,0,0,0,0,0,0,0,0,0,0
ALM-10564,2026-03-30,-0.1908791933066464,-0.2452204237232976,-0.6394968639161707,1.4420462120199986,1.1513646570906282,0.3571817399907684,62610000.0,0,0,0,0,0,0,0,0,0,0,0,0,0,0,0,0,0,1,0,0,0,0,0,0,0,0,0,0,0,0,0,0,0,0,0,0,0,0,0,0,0,0,0,0,1,0
ALM-11115,2026-08-09,-0.1908791933066464,-0.4791583097794881,-0.43292138072485914,0.8077093274989898,1.006009848055332,0.930445068254801,27100000.0,0,0,0,0,0,0,0,0,0,0,0,0,0,0,0,0,0,0,0,0,0,0,0,1,0,0,0,0,0,0,0,0,0,0,0,0,0,0,0,0,0,0,0,0,1,0
ALM-10244,2026-01-04,-0.1908791933066464,-0.3055914910926371,-0.6394968639161707,-0.9367171049337841,-0.3021834332623343,1.0450977339076075,62330000.0,0,0,0,0,0,0,0,0,0,0,0,0,0,0,0,0,0,0,0,0,0,1,0,0,0,0,0,0,0,0,0,0,0,0,0,0,0,0,0,0,0,0,0,0,0,0
ALM-10365,2026-01-11,1.9401693347059146,1.6791073486743975,-1.0526478302987938,-0.9367171049337841,-1.077409081450581,1.9623190591300597,88320000.0,0,0,0,0,0,0,0,0,0,0,0,0,0,0,0,0,0,1,0,0,0,0,0,0,0,0,0,0,0,0,0,0,0,0,0,0,0,0,0,0,0,0,0,0,0,0
ALM-10368,2026-07-22,0.8746450706996342,0.14719151417740906,1.2196824848056333,2.2349673176712592,1.2967194661259243,-0.15875525544685964,51550000.0,0,0,0,0,0,0,0,0,0,0,0,0,0,0,1,0,0,0,0,0,0,0,0,0,0,0,0,0,0,0,0,0,0,0,0,0,0,0,0,0,0,0,0,0,1,0
ALM-10614,2026-06-01,1.9401693347059146,1.1433141257715098,-1.0526478302987938,-1.2538855471942885,-1.077409081450581,-0.044102589794053126,83720000.0,0,0,0,0,0,0,0,0,0,0,0,0,0,1,0,0,0,0,0,0,0,0,0,0,0,0,0,0,0,0,0,0,0,0,0,0,0,0,0,0,0,0,0,0,0,0
ALM-10465,2026-03-24,-1.256403457312927,-1.2715285690020683,-0.6394968639161707,-1.2538855471942885,0.18233259685531983,2.1916243904356727,13850000.0,0,0,0,0,0,0,0,0,0,0,0,0,0,0,0,0,0,0,0,0,0,0,0,1,0,0,0,0,0,0,0,0,0,0,0,0,0,0,0,0,0,0,0,0,0,0
ALM-11173,2026-02-18,0.8746450706996342,0.6565723951062107,1.426257967996945,1.4420462120199986,1.3936226721494551,-0.044102589794053126,48570000.0,0,0,0,0,0,0,1,0,0,0,0,0,0,0,0,0,0,0,0,0,0,0,0,0,0,0,0,0,0,0,0,0,0,0,0,0,0,0,0,0,0,0,0,0,1,0
ALM-10975,2026-03-11,0.8746450706996342,0.41886131733943616,1.0131070016143218,0.17337244297798113,0.036977787820023575,-1.3052819119749248,30950000.0,0,0,0,0,0,0,0,0,0,0,1,0,0,0,0,0,0,0,0,0,0,0,0,0,0,0,0,0,0,0,0,0,0,0,0,0,0,0,0,0,0,0,0,0,0,1
ALM-10260,2026-02-10,-1.256403457312927,-0.9885391907082898,1.2196824848056333,0.17337244297798113,0.7153002299847394,-0.27340792109966616,23870000.0,0,0,0,0,0,0,0,0,0,0,0,0,0,0,0,1,0,0,0,0,0,0,0,0,0,0,0,0,0,0,0,0,0,0,0,0,0,0,0,0,0,0,0,0,1,0
ALM-10180,2026-02-10,-1.256403457312927,-1.1055081337363848,-0.6394968639161707,-0.9367171049337841,-0.15682862422703808,0.8157924026019945,17070000.0,0,0,0,0,0,0,0,0,0,0,0,0,0,0,0,0,0,0,0,0,0,0,0,0,0,0,1,0,0,0,0,0,0,0,0,0,0,0,0,0,0,0,0,0,0,0
ALM-10817,2026-08-24,-0.1908791933066464,-0.09806594701053276,-0.22634589753354759,-0.3023802204127754,-0.9805058754270501,-0.7320185837108922,56440000.0,0,0,0,0,0,0,0,0,0,0,0,0,0,0,0,0,0,0,0,0,1,0,0,0,0,0,0,0,0,0,0,0,0,0,0,0,0,0,0,0,0,0,0,0,0,1
ALM-10553,2026-04-07,1.9401693347059146,1.7357052243331532,-0.8460723471074822,-0.9367171049337841,-0.35063503627409975,-0.9613239150165053,55250000.0,0,0,0,0,0,0,0,0,0,0,0,0,0,0,0,0,0,0,0,0,0,0,0,0,0,0,1,0,0,0,0,0,0,0,0,0,0,0,0,0,0,0,0,0,0,1
ALM-10634,2026-08-20,0.8746450706996342,0.26038726549492053,0.3933805520403871,-0.3023802204127754,-0.9805058754270501,-0.8466712493636988,40720000.0,0,0,0,0,0,0,0,0,0,0,0,0,0,0,0,0,0,0,0,0,0,0,0,0,0,0,0,0,0,1,0,0,0,0,0,0,0,0,0,0,0,0,0,0,0,1
ALM-11190,2026-04-19,0.8746450706996342,0.9735204987952425,-0.43292138072485914,-0.9367171049337841,-1.4650219055447042,0.013223743032348861,99540000.0,0,0,0,0,0,0,0,0,0,0,0,0,0,0,0,0,0,0,0,0,1,0,0,0,0,0,0,0,0,0,0,0,0,0,0,0,0,0,0,0,0,0,0,0,0,0
ALM-10275,2026-07-30,0.8746450706996342,0.5848817526051199,-0.6394968639161707,-1.2538855471942885,-1.1743122874741119,1.904992726303655,33910000.0,0,0,0,0,0,0,0,0,0,0,0,0,0,0,0,0,0,0,0,0,0,0,0,1,0,0,0,0,0,0,0,0,0,0,0,0,0,0,0,0,0,0,0,0,0,0
ALM-10191,2026-06-29,-1.256403457312927,-0.8489310974166921,-0.6394968639161707,1.4420462120199986,1.3451710691376897,0.9877714010812055,43250000.0,0,0,0,0,0,0,0,0,0,0,0,0,0,1,0,0,0,0,0,0,0,0,0,0,0,0,0,0,0,0,0,0,0,0,0,0,0,0,0,0,0,0,0,0,1,0
ALM-10165,2026-01-22,-0.1908791933066464,-0.3093646828032209,-0.43292138072485914,0.8077093274989898,1.1998162601023936,0.8157924026019945,69630000.0,0,0,0,0,0,0,0,0,0,0,0,0,0,0,0,0,0,0,0,0,1,0,0,0,0,0,0,0,0,0,0,0,0,0,0,0,0,0,0,0,0,0,0,0,1,0
ALM-11137,2026-05-24,-1.256403457312927,-1.0300442995247103,-0.8460723471074822,-0.9367171049337841,-0.9805058754270501,0.873118735428399,34860000.0,0,0,0,0,0,0,0,0,0,0,0,0,0,0,0,0,0,1,0,0,0,0,0,0,0,0,0,0,0,0,0,0,0,0,0,0,0,0,0,0,0,0,0,0,0,0
ALM-11158,2026-06-06,-0.1908791933066464,-0.25276680714446514,-0.43292138072485914,-0.9367171049337841,-1.1743122874741119,-1.5345872432805379,52910000.0,0,0,0,0,0,0,0,0,0,0,0,0,0,0,0,0,0,0,0,0,1,0,0,0,0,0,0,0,0,0,0,0,0,0,0,0,0,0,0,0,0,0,0,0,0,1
ALM-10779,2026-02-05,0.8746450706996342,0.9433349651105729,-1.0526478302987938,-0.9367171049337841,-0.9320542724152847,-1.5345872432805379,41500000.0,0,0,0,0,0,0,0,0,0,0,0,0,0,0,1,0,0,0,0,0,0,0,0,0,0,0,0,0,0,0,0,0,0,0,0,0,0,0,0,0,0,0,0,0,0,1
ALM-10814,2026-05-01,1.9401693347059146,1.2036851931408494,-1.0526478302987938,-0.9367171049337841,-0.9320542724152847,1.2744030652132206,46300000.0,0,0,0,0,0,0,0,0,0,0,1,0,0,0,0,0,0,0,0,0,0,0,0,0,0,0,0,0,0,0,0,0,0,0,0,0,0,0,0,0,0,0,0,0,0,0
ALM-11145,2026-08-23,0.8746450706996342,0.7697681464237222,-0.43292138072485914,-1.0953013260640363,-1.658828317591766,0.2998554071643664,49430000.0,0,0,0,0,0,0,0,0,0,0,0,0,0,0,1,0,0,0,0,0,0,0,0,0,0,0,0,0,0,0,0,0,0,0,0,0,0,0,0,0,0,0,0,0,0,0
ALM-11161,2026-03-18,0.8746450706996342,0.9622009236634914,-0.8460723471074822,-1.2538855471942885,0.5214938179376777,0.07055007585875339,45200000.0,0,0,0,0,0,0,0,0,0,0,1,0,0,0,0,0,0,0,0,0,0,0,0,0,0,0,0,0,0,0,0,0,0,0,0,0,0,0,0,0,0,0,0,0,0,0
ALM-10308,2026-02-27,-0.1908791933066464,-0.26408638227621617,-0.6394968639161707,-1.2538855471942885,0.6183970239612085,1.847666393477253,26040000.0,0,0,0,0,0,0,0,0,0,0,1,0,0,0,0,0,0,0,0,0,0,0,0,0,0,0,0,0,0,0,0,0,0,0,0,0,0,0,0,0,0,0,0,0,0,0
ALM-10196,2026-03-04,3.0056935987121953,2.690322727110834,-0.6394968639161707,-1.2538855471942885,-0.5444414483211614,1.675687394998042,60570000.0,0,0,0,0,0,0,0,0,0,0,0,0,0,0,0,0,0,0,0,0,0,0,0,1,0,0,0,0,0,0,0,0,0,0,0,0,0,0,0,0,0,0,0,0,0,0
ALM-10292,2026-07-15,0.8746450706996342,0.8112732552401428,1.0131070016143218,0.8077093274989898,1.248267863114159,0.07055007585875339,92340000.0,0,0,0,0,0,0,0,0,0,0,0,0,0,0,0,0,0,1,0,0,0,0,0,0,0,0,0,0,0,0,0,0,0,0,0,0,0,0,0,0,0,0,0,0,1,0
ALM-10399,2025-11-24,-1.256403457312927,-0.8715702476801945,-1.0526478302987938,-0.3023802204127754,0.9575582450435665,0.1852027415115599,20580000.0,0,0,0,0,0,0,0,0,0,0,0,0,0,0,0,0,0,0,0,0,0,0,0,0,0,0,0,0,0,0,0,0,0,0,0,0,0,0,0,0,0,0,1,0,1,0
ALM-10561,2026-04-04,-0.1908791933066464,-0.27163276569738376,-1.0526478302987938,-0.9367171049337841,-1.7072799206035314,-0.21608158827326163,27180000.0,0,0,0,0,0,0,0,0,0,0,0,0,0,0,0,0,0,0,0,0,0,0,0,1,0,0,0,0,0,0,0,0,0,0,0,0,0,0,0,0,0,0,0,0,0,0
ALM-11032,2026-01-30,-0.1908791933066464,-0.18862254806454187,-0.43292138072485914,-0.3023802204127754,-1.4165703025329388,-0.6173659180580857,37740000.0,0,0,0,0,0,0,0,0,0,0,0,0,0,0,1,0,0,0,0,0,0,0,0,0,0,0,0,0,0,0,0,0,0,0,0,0,0,0,0,0,0,0,0,0,0,1
ALM-11184,2026-03-23,0.8746450706996342,0.7924072966872242,0.3933805520403871,0.17337244297798113,-0.44753824229763056,-1.3052819119749248,91280000.0,0,0,0,0,0,0,0,0,0,0,0,0,0,0,0,0,0,1,0,0,0,0,0,0,0,0,0,0,0,0,0,0,0,0,0,0,0,0,0,0,0,0,0,0,0,1
ALM-10370,2026-04-08,0.8746450706996342,0.7282630376073009,2.2525599007621913,1.4420462120199986,1.1998162601023936,0.5864870712963814,61960000.0,0,0,0,0,0,0,0,0,0,0,0,0,0,0,0,0,0,0,0,0,0,0,0,0,0,0,0,0,1,0,0,0,0,0,0,0,0,0,0,0,0,0,0,0,1,0
ALM-10756,2026-07-18,-0.1908791933066464,-0.0037361542459398555,-0.8460723471074822,-0.3023802204127754,0.1338809938435544,1.7330137278244466,80390000.0,0,0,0,0,0,0,0,0,0,0,0,0,0,0,0,0,0,0,0,0,1,0,0,0,0,0,0,0,0,0,0,0,0,0,0,0,0,0,0,0,0,0,0,0,0,0
ALM-10024,2026-05-03,0.8746450706996342,0.5886549443157034,0.3933805520403871,0.17337244297798113,-0.8351510663917538,-0.9613239150165053,64320000.0,0,0,0,0,0,0,0,0,0,0,0,0,0,1,0,0,0,0,0,0,0,0,0,0,0,0,0,0,0,0,0,0,0,0,0,0,0,0,0,0,0,0,0,0,0,1
ALM-10683,2026-06-04,-0.1908791933066464,-0.35086979161964155,0.3933805520403871,-0.3023802204127754,-0.5928930513329268,0.07055007585875339,56000000.0,0,0,0,0,0,0,0,0,0,0,0,0,0,0,0,0,0,1,0,0,0,0,0,0,0,0,0,0,0,0,0,0,0,0,0,0,0,0,0,0,0,0,0,0,0,0
ALM-10339,2026-07-22,0.8746450706996342,0.6188404780003736,0.18680506884907555,0.17337244297798113,-0.9805058754270501,-0.5600395852316812,67330000.0,0,0,0,0,0,0,0,0,0,0,0,0,0,0,0,0,0,1,0,0,0,0,0,0,0,0,0,0,0,0,0,0,0,0,0,0,0,0,0,0,0,0,0,0,0,1
ALM-10279,2026-01-21,-1.256403457312927,-1.0300442995247103,-0.8460723471074822,0.8077093274989898,0.8122034360082702,0.2998554071643664,20780000.0,0,0,0,0,0,0,0,0,0,0,0,0,0,0,0,0,0,0,0,0,0,0,0,0,0,0,0,0,0,0,0,0,0,0,0,0,1,0,0,0,0,0,0,0,1,0
ALM-10841,2026-04-25,-0.1908791933066464,-0.5017974600429902,0.5999560352316987,0.17337244297798113,1.0544614510670973,0.8157924026019945,42240000.0,0,0,0,0,0,0,0,0,0,0,0,0,0,0,1,0,0,0,0,0,0,0,0,0,0,0,0,0,0,0,0,0,0,0,0,0,0,0,0,0,0,0,0,0,1,0
ALM-10919,2026-05-28,0.8746450706996342,1.445169462618207,1.2196824848056333,0.17337244297798113,0.8606550390200356,-0.44538691957887466,67890000.0,0,0,0,0,0,0,0,0,0,0,0,0,0,0,1,0,0,0,0,0,0,0,0,0,0,0,0,0,0,0,0,0,0,0,0,0,0,0,0,0,0,0,0,0,1,0
ALM-10076,2026-03-31,0.8746450706996342,0.08304725509748577,0.5999560352316987,-0.3023802204127754,-1.2227638904858773,-1.1333029134957138,24480000.0,0,0,0,0,0,0,0,0,0,0,0,0,0,0,0,0,0,0,0,0,0,0,0,1,0,0,0,0,0,0,0,0,0,0,0,0,0,0,0,0,0,0,0,0,0,1
ALM-11130,2026-04-13,-1.256403457312927,-1.048910258077629,-0.43292138072485914,-0.3023802204127754,-1.319667096509408,-1.4199345776277312,14830000.0,0,0,0,0,0,0,0,0,0,0,0,0,0,0,0,0,0,0,0,0,0,0,0,1,0,0,0,0,0,0,0,0,0,0,0,0,0,0,0,0,0,0,0,0,0,1
ALM-10331,2026-08-15,-0.1908791933066464,-0.13957105582695367,-0.6394968639161707,-1.2538855471942885,-0.495989845309396,2.076971724782866,39480000.0,0,0,0,0,0,0,0,0,0,0,0,0,0,0,1,0,0,0,0,0,0,0,0,0,0,0,0,0,0,0,0,0,0,0,0,0,0,0,0,0,0,0,0,0,0,0
ALM-11005,2026-07-18,1.9401693347059146,1.1131285920868401,-0.8460723471074822,-0.9367171049337841,-1.2227638904858773,-0.8466712493636988,39080000.0,0,0,0,0,0,0,0,0,0,0,0,1,0,0,0,0,0,0,0,0,0,0,0,0,0,0,0,0,0,0,0,0,0,0,0,0,0,0,0,0,0,0,0,0,0,1
ALM-10425,2026-02-14,0.8746450706996342,0.6414796282638756,-0.019770414342236024,-0.3023802204127754,1.3451710691376897,-0.44538691957887466,59820000.0,0,0,0,0,0,0,0,0,0,0,0,0,0,0,1,0,0,0,0,0,0,0,0,0,0,0,0,0,0,0,0,0,0,0,0,0,0,0,0,0,0,0,0,0,1,0
ALM-10787,2026-02-01,1.9401693347059146,1.554592022225135,-0.22634589753354759,-0.9367171049337841,-0.059925418203507254,-1.4199345776277312,46030000.0,0,0,0,0,0,0,0,0,0,0,1,0,0,0,0,0,0,0,0,0,0,0,0,0,0,0,0,0,0,0,0,0,0,0,0,0,0,0,0,0,0,0,0,0,0,1
ALM-10054,2026-01-16,-1.256403457312927,-1.1734255845268917,-0.8460723471074822,0.17337244297798113,-0.3990866392858652,-0.9039975821901007,24480000.0,0,0,0,0,0,0,0,0,0,0,0,0,0,0,0,0,0,0,0,0,1,0,0,0,0,0,0,0,0,0,0,0,0,0,0,0,0,0,0,0,0,0,0,0,0,1
ALM-10833,2026-06-13,-1.256403457312927,-0.5999004445181668,-0.43292138072485914,-0.9367171049337841,-0.20528022723880351,-0.8466712493636988,25880000.0,0,0,0,0,0,0,0,0,0,0,0,0,0,0,0,0,0,0,0,0,0,0,0,0,0,0,0,0,0,1,0,0,0,0,0,0,0,0,0,0,0,0,0,0,0,1
ALM-10312,2026-08-14,-0.1908791933066464,-0.39992128385723,0.5999560352316987,-0.3023802204127754,-1.8041831266270623,2.363603388914881,48120000.0,0,0,0,0,0,0,0,0,1,0,0,0,0,0,0,0,0,0,0,0,0,0,0,0,0,0,0,0,0,0,0,0,0,0,0,0,0,0,0,0,0,0,0,0,0,0
ALM-10811,2026-01-22,-0.1908791933066464,0.003810229175227683,-0.019770414342236024,-0.3023802204127754,-1.1743122874741119,-1.4199345776277312,25170000.0,0,0,0,0,0,0,0,0,0,0,0,0,0,0,0,0,0,0,0,0,0,0,0,1,0,0,0,0,0,0,0,0,0,0,0,0,0,0,0,0,0,0,0,0,0,1
ALM-10246,2026-06-29,-1.256403457312927,-0.8753434393907783,-0.22634589753354759,-0.9367171049337841,0.1338809938435544,0.701139736949188,24860000.0,0,0,0,0,0,0,0,0,0,0,0,0,0,0,0,0,0,0,0,0,0,0,0,0,0,0,0,0,0,0,0,0,1,0,0,0,0,0,0,0,0,0,0,0,0,0
ALM-10850,2026-08-31,-1.256403457312927,-1.1206009005787199,0.3933805520403871,0.17337244297798113,-1.077409081450581,-1.0186502478429071,23760000.0,0,0,0,0,0,0,0,0,0,0,0,0,0,0,0,0,0,1,0,0,0,0,0,0,0,0,0,0,0,0,0,0,0,0,0,0,0,0,0,0,0,0,0,0,0,1
ALM-11114,2026-05-05,0.8746450706996342,0.24529449865258546,-0.8460723471074822,-1.0953013260640363,-0.8351510663917538,-0.15875525544685964,49610000.0,0,0,0,0,0,0,0,0,0,0,0,0,0,0,1,0,0,0,0,0,0,0,0,0,0,0,0,0,0,0,0,0,0,0,0,0,0,0,0,0,0,0,0,0,0,0
ALM-10710,2026-03-06,-1.256403457312927,-1.116827708868136,-1.0526478302987938,-0.9367171049337841,-1.077409081450581,-1.0186502478429071,18160000.0,0,0,0,0,0,0,0,0,0,0,0,0,0,0,1,0,0,0,0,0,0,0,0,0,0,0,0,0,0,0,0,0,0,0,0,0,0,0,0,0,0,0,0,0,0,1
ALM-10613,2026-06-04,0.8746450706996342,0.4867787681299435,0.3933805520403871,0.8077093274989898,1.3451710691376897,0.2998554071643664,38520000.0,0,0,0,0,0,0,0,0,0,0,0,0,0,0,0,0,0,0,0,0,0,0,0,1,0,0,0,0,0,0,0,0,0,0,0,0,0,0,0,0,0,0,0,0,1,0
ALM-11024,2026-03-07,-1.256403457312927,-0.9885391907082898,1.0131070016143218,1.4420462120199986,1.5874290841965168,0.5291607384699795,20510000.0,0,0,0,0,0,0,0,0,0,0,0,0,0,0,0,0,0,0,0,0,0,0,0,1,0,0,0,0,0,0,0,0,0,0,0,0,0,0,0,0,0,0,0,0,1,0
ALM-11186,2026-07-02,1.9401693347059146,1.5960971310415557,-0.43292138072485914,-0.9367171049337841,-1.1258606844623464,-1.4199345776277312,74820000.0,0,0,0,0,0,0,0,0,0,0,0,0,0,0,0,0,0,1,0,0,0,0,0,0,0,0,0,0,0,0,0,0,0,0,0,0,0,0,0,0,0,0,0,0,0,1
ALM-10036,2026-03-31,-1.256403457312927,-0.9772196155765385,-0.6394968639161707,-1.2538855471942885,-0.495989845309396,1.61836106217164,38780000.0,0,0,0,0,0,0,0,0,0,0,0,0,0,0,0,0,0,0,0,0,1,0,0,0,0,0,0,0,0,0,0,0,0,0,0,0,0,0,0,0,0,0,0,0,0,0
ALM-10412,2026-06-08,-0.1908791933066464,-0.056560838194111826,-0.8460723471074822,-1.0953013260640363,0.036977787820023575,1.3317293980396225,65900000.0,0,0,0,0,0,0,0,0,0,0,0,0,0,0,0,0,0,0,0,0,0,0,0,0,0,0,0,0,0,0,0,0,0,0,0,0,0,0,0,0,0,1,0,0,0,0
ALM-11146,2026-02-24,-0.1908791933066464,-0.7621476880732668,1.6328334511882565,2.2349673176712592,0.7153002299847394,0.07055007585875339,43860000.0,0,0,0,0,0,0,0,0,0,0,0,0,0,1,0,0,0,0,0,0,0,0,0,0,0,0,0,0,0,0,0,0,0,0,0,0,0,0,0,0,0,0,0,0,1,0
ALM-10091,2026-03-06,-0.1908791933066464,-0.4867046932006554,-0.22634589753354759,-0.3023802204127754,1.5874290841965168,1.2744030652132206,56920000.0,0,0,0,0,0,0,0,0,0,0,0,0,0,0,0,0,0,0,0,0,1,0,0,0,0,0,0,0,0,0,0,0,0,0,0,0,0,0,0,0,0,0,0,0,1,0
ALM-10428,2026-07-08,-1.256403457312927,-0.4036944755678138,0.3933805520403871,0.17337244297798113,1.1998162601023936,-0.044102589794053126,52150000.0,0,0,0,0,0,0,0,0,0,0,0,0,0,0,0,0,0,1,0,0,0,0,0,0,0,0,0,0,0,0,0,0,0,0,0,0,0,0,0,0,0,0,0,0,1,0
ALM-11134,2026-07-16,-0.1908791933066464,-0.21880808174921149,1.0131070016143218,0.17337244297798113,1.3936226721494551,0.12787640868515537,64670000.0,0,0,0,0,0,0,0,0,0,0,0,0,0,0,0,0,0,1,0,0,0,0,0,0,0,0,0,0,0,0,0,0,0,0,0,0,0,0,0,0,0,0,0,0,1,0
ALM-10520,2026-01-14,-0.1908791933066464,-0.44142639267365097,-1.0526478302987938,-1.2538855471942885,0.18233259685531983,2.2489507232620745,55060000.0,0,0,0,0,0,0,0,0,0,0,0,0,1,0,0,0,0,0,0,0,0,0,0,0,0,0,0,0,0,0,0,0,0,0,0,0,0,0,0,0,0,0,0,0,0,0
ALM-10394,2026-01-19,-0.1908791933066464,-0.4376532009630672,1.6328334511882565,1.4420462120199986,1.4420742751612206,0.1852027415115599,28250000.0,0,0,0,0,0,0,0,0,0,0,0,0,0,0,0,0,0,0,0,0,0,0,0,0,0,0,1,0,0,0,0,0,0,0,0,0,0,0,0,0,0,0,0,0,1,0
ALM-11089,2026-02-05,-0.1908791933066464,-0.4980242683324067,-0.22634589753354759,-0.3023802204127754,1.2967194661259243,0.013223743032348861,34000000.0,0,0,0,0,0,0,0,0,0,0,0,0,0,0,0,0,0,0,0,0,0,0,0,0,0,0,0,0,0,1,0,0,0,0,0,0,0,0,0,0,0,0,0,0,1,0
ALM-10753,2026-03-29,0.8746450706996342,0.5546962189204503,1.6328334511882565,0.8077093274989898,0.666848626972974,0.5864870712963814,75370000.0,0,0,0,0,0,0,0,0,0,0,0,0,0,1,0,0,0,0,0,0,0,0,0,0,0,0,0,0,0,0,0,0,0,0,0,0,0,0,0,0,0,0,0,0,1,0
ALM-10972,2026-04-17,-0.1908791933066464,0.09436683022923681,-0.6394968639161707,0.17337244297798113,-0.011473815191741843,-0.44538691957887466,28780000.0,0,0,0,0,0,0,0,0,0,0,0,0,0,0,0,0,0,0,0,0,0,0,0,0,1,0,0,0,0,0,0,0,0,0,0,0,0,0,0,0,0,0,0,0,0,1
ALM-10296,2026-06-07,-0.1908791933066464,-0.19994212319629293,-0.22634589753354759,0.17337244297798113,-1.077409081450581,-1.0759765806693118,47480000.0,0,0,0,0,0,0,0,0,0,0,0,0,1,0,0,0,0,0,0,0,0,0,0,0,0,0,0,0,0,0,0,0,0,0,0,0,0,0,0,0,0,0,0,0,0,1
ALM-10183,2026-06-24,0.8746450706996342,0.7093970790543824,-0.43292138072485914,-0.9367171049337841,-1.0289574784388156,-0.044102589794053126,40500000.0,0,0,0,0,0,0,0,0,0,0,0,0,0,0,0,0,0,0,0,0,0,0,0,1,0,0,0,0,0,0,0,0,0,0,0,0,0,0,0,0,0,0,0,0,0,0
ALM-10896,2026-08-07,-0.1908791933066464,-0.3659625584619766,-0.22634589753354759,0.17337244297798113,-1.2712154934976427,-1.1333029134957138,48000000.0,0,0,0,0,0,0,0,0,0,0,0,0,0,0,0,0,0,0,0,0,1,0,0,0,0,0,0,0,0,0,0,0,0,0,0,0,0,0,0,0,0,0,0,0,0,1
ALM-10163,2026-05-01,0.8746450706996342,0.12832555562449047,0.8065315184230102,1.4420462120199986,1.006009848055332,0.013223743032348861,65220000.0,0,0,0,0,0,0,0,0,0,0,0,0,0,1,0,0,0,0,0,0,0,0,0,0,0,0,0,0,0,0,0,0,0,0,0,0,0,0,0,0,0,0,0,0,1,0
ALM-10532,2026-02-26,0.8746450706996342,0.739582612739052,0.18680506884907555,-0.3023802204127754,-0.3990866392858652,-0.5600395852316812,70450000.0,0,0,0,0,0,0,0,0,0,0,0,0,0,0,0,0,0,1,0,0,0,0,0,0,0,0,0,0,0,0,0,0,0,0,0,0,0,0,0,0,0,0,0,0,0,1
ALM-11199,2026-03-23,-0.1908791933066464,-0.2452204237232976,0.18680506884907555,0.8077093274989898,0.8606550390200356,0.7584660697755925,71300000.0,0,0,0,0,0,0,0,0,0,0,0,0,0,0,0,0,0,0,0,0,1,0,0,0,0,0,0,0,0,0,0,0,0,0,0,0,0,0,0,0,0,0,0,0,1,0
ALM-11131,2026-04-15,-0.1908791933066464,-0.27540595740796725,0.18680506884907555,-0.3023802204127754,0.3761390089023815,-0.3880605867524727,26640000.0,0,0,0,0,0,0,0,0,0,0,0,0,0,0,0,0,0,0,0,0,0,0,0,0,0,0,0,0,0,0,0,0,0,0,0,0,0,0,0,0,0,0,1,0,0,0
ALM-10017,2026-05-03,-0.1908791933066464,-0.26408638227621617,0.18680506884907555,0.17337244297798113,-0.3021834332623343,-1.3052819119749248,45810000.0,0,0,0,0,0,0,0,0,0,0,0,0,0,1,0,0,0,0,0,0,0,0,0,0,0,0,0,0,0,0,0,0,0,0,0,0,0,0,0,0,0,0,0,0,0,1
ALM-10200,2026-04-09,-1.256403457312927,-0.6300859782028367,0.5999560352316987,2.2349673176712592,1.1998162601023936,-0.3880605867524727,49800000.0,0,0,0,0,0,0,0,0,0,0,0,0,0,0,0,0,0,1,0,0,0,0,0,0,0,0,0,0,0,0,0,0,0,0,0,0,0,0,0,0,0,0,0,0,1,0
ALM-10662,2026-01-27,1.9401693347059146,0.5811085608945363,1.2196824848056333,0.8077093274989898,0.909106642031801,1.0450977339076075,53280000.0,0,0,0,0,0,0,0,0,0,0,0,0,0,0,0,0,0,0,0,0,0,0,0,0,0,0,0,0,0,1,0,0,0,0,0,0,0,0,0,0,0,0,0,0,1,0
ALM-11057,2026-03-26,-0.1908791933066464,-0.3546429833302253,1.6328334511882565,0.8077093274989898,0.8606550390200356,1.0450977339076075,31490000.0,0,0,0,0,0,0,0,0,0,0,1,0,0,0,0,0,0,0,0,0,0,0,0,0,0,0,0,0,0,0,0,0,0,0,0,0,0,0,0,0,0,0,0,0,1,0
ALM-11172,2026-04-28,-0.1908791933066464,-0.23767404030213007,-0.6394968639161707,-0.3023802204127754,-0.8351510663917538,-1.4772609104541332,57820000.0,0,0,0,0,0,0,0,0,0,0,0,0,0,0,0,0,0,0,0,0,1,0,0,0,0,0,0,0,0,0,0,0,0,0,0,0,0,0,0,0,0,0,0,0,0,1
ALM-10982,2026-04-18,0.8746450706996342,0.7584485712919706,-0.22634589753354759,-0.9367171049337841,-0.35063503627409975,-0.5600395852316812,33510000.0,0,0,0,0,0,0,0,0,0,0,0,0,0,0,0,0,0,0,0,0,0,0,0,1,0,0,0,0,0,0,0,0,0,0,0,0,0,0,0,0,0,0,0,0,0,1
ALM-10859,2026-08-07,0.8746450706996342,0.7810877215554732,2.4591353839535026,1.4420462120199986,1.3936226721494551,-0.044102589794053126,57640000.0,0,0,0,0,0,0,0,0,0,0,0,0,0,0,0,0,0,0,0,0,0,0,0,0,0,0,0,0,0,1,0,0,0,0,0,0,0,0,0,0,0,0,0,0,1,0
ALM-10963,2026-03-22,1.9401693347059146,1.886632892756502,-0.22634589753354759,1.4420462120199986,1.248267863114159,0.1852027415115599,67380000.0,0,0,0,0,0,0,0,0,0,0,1,0,0,0,0,0,0,0,0,0,0,0,0,0,0,0,0,0,0,0,0,0,0,0,0,0,0,0,0,0,0,0,0,0,1,0
ALM-10740,2026-06-30,0.8746450706996342,0.2679336489160875,0.8065315184230102,0.8077093274989898,0.7153002299847394,0.5291607384699795,71680000.0,0,0,0,0,0,0,0,0,0,0,0,0,0,1,0,0,0,0,0,0,0,0,0,0,0,0,0,0,0,0,0,0,0,0,0,0,0,0,0,0,0,0,0,0,1,0
ALM-10577,2026-06-21,0.8746450706996342,0.7093970790543824,1.2196824848056333,1.4420462120199986,0.7637518329965048,-0.3880605867524727,62620000.0,0,0,0,0,0,0,0,0,0,0,0,0,0,0,1,0,0,0,0,0,0,0,0,0,0,0,0,0,0,0,0,0,0,0,0,0,0,0,0,0,0,0,0,0,1,0
ALM-10656,2026-05-15,0.8746450706996342,-0.13202467240578614,-1.0526478302987938,-0.3023802204127754,-0.44753824229763056,-1.4199345776277312,24360000.0,0,0,0,0,0,0,0,0,0,0,0,0,0,0,0,0,0,0,0,0,0,0,0,0,0,0,1,0,0,0,0,0,0,0,0,0,0,0,0,0,0,0,0,0,0,1
ALM-10562,2026-07-10,0.8746450706996342,0.5584694106310337,1.426257967996945,0.8077093274989898,1.3936226721494551,1.159750399560414,101700000.0,0,0,0,0,0,0,0,0,0,0,0,0,0,0,0,0,0,1,0,0,0,0,0,0,0,0,0,0,0,0,0,0,0,0,0,0,0,0,0,0,0,0,0,0,1,0
ALM-10012,2026-04-13,-1.256403457312927,-1.3658583617666613,-0.22634589753354759,-0.9367171049337841,-0.5444414483211614,-0.6746922508844877,12210000.0,0,0,0,0,0,0,0,0,0,0,0,0,0,0,0,0,0,0,0,0,0,0,0,0,0,0,0,0,0,0,0,0,0,0,0,0,1,0,0,0,0,0,0,0,0,1
ALM-10835,2026-01-31,-1.256403457312927,-0.5810344859652483,0.18680506884907555,-0.3023802204127754,1.248267863114159,0.7584660697755925,36150000.0,0,0,0,0,0,0,0,0,0,0,0,0,0,0,1,0,0,0,0,0,0,0,0,0,0,0,0,0,0,0,0,0,0,0,0,0,0,0,0,0,0,0,0,0,1,0
ALM-10281,2026-01-22,0.8746450706996342,1.0414379495857493,-0.8460723471074822,-0.9367171049337841,-1.1743122874741119,-1.3052819119749248,36840000.0,0,0,0,0,0,0,0,0,0,0,0,0,0,0,0,0,0,0,0,0,0,0,0,0,0,0,0,0,0,0,0,0,0,0,0,1,0,0,0,0,0,0,0,0,0,1
ALM-11163,2026-01-08,-1.256403457312927,-1.1206009005787199,-0.019770414342236024,2.2349673176712592,1.490525878172986,1.159750399560414,17700000.0,0,0,0,0,0,0,0,0,0,0,0,0,0,0,0,0,0,0,0,0,0,0,0,1,0,0,0,0,0,0,0,0,0,0,0,0,0,0,0,0,0,0,0,0,1,0
ALM-10434,2026-01-17,1.9401693347059146,2.1696222710502804,2.2525599007621913,1.4420462120199986,1.2967194661259243,0.930445068254801,73800000.0,0,0,0,0,0,0,0,0,0,0,0,0,0,0,0,0,0,0,0,0,0,0,0,0,0,0,1,0,0,0,0,0,0,0,0,0,0,0,0,0,0,0,0,0,1,0
ALM-10894,2026-06-19,0.8746450706996342,-0.08674637187878144,-0.43292138072485914,-1.0953013260640363,0.32768740589061607,2.3062770560884793,29280000.0,0,0,0,0,0,0,0,0,0,0,1,0,0,0,0,0,0,0,0,0,0,0,0,0,0,0,0,0,0,0,0,0,0,0,0,0,0,0,0,0,0,0,0,0,0,0
ALM-10471,2026-03-28,-0.1908791933066464,-0.23390084859154658,-0.43292138072485914,-1.0953013260640363,-0.44753824229763056,2.3062770560884793,45840000.0,0,0,0,0,0,0,0,0,0,0,0,0,0,0,0,0,0,1,0,0,0,0,0,0,0,0,0,0,0,0,0,0,0,0,0,0,0,0,0,0,0,0,0,0,0,0
ALM-10573,2026-03-27,0.8746450706996342,0.4490468510241063,-0.22634589753354759,-0.3023802204127754,0.9575582450435665,1.102424066734012,58940000.0,0,0,0,0,0,0,0,0,0,0,0,0,0,0,1,0,0,0,0,0,0,0,0,0,0,0,0,0,0,0,0,0,0,0,0,0,0,0,0,0,0,0,0,0,1,0
ALM-10956,2026-05-09,0.8746450706996342,0.6339332448427081,-0.6394968639161707,-1.0953013260640363,-1.6103767145800005,0.12787640868515537,45650000.0,0,0,0,0,0,0,0,0,0,0,0,0,0,0,0,0,0,0,0,0,0,0,0,0,0,0,0,0,0,1,0,0,0,0,0,0,0,0,0,0,0,0,0,0,0,0
ALM-10525,2026-01-25,-0.1908791933066464,0.056634913123399654,-0.43292138072485914,-0.9367171049337841,-1.6103767145800005,0.9877714010812055,34710000.0,0,0,0,0,0,0,0,0,0,0,0,0,0,0,0,0,0,0,0,0,0,0,0,0,0,0,1,0,0,0,0,0,0,0,0,0,0,0,0,0,0,0,0,0,0,0
ALM-10572,2026-02-08,-1.256403457312927,-0.7055498124145111,-0.43292138072485914,-0.9367171049337841,-0.20528022723880351,-0.9039975821901007,23060000.0,0,0,0,0,0,0,0,0,0,0,0,0,0,0,1,0,0,0,0,0,0,0,0,0,0,0,0,0,0,0,0,0,0,0,0,0,0,0,0,0,0,0,0,0,0,1
ALM-10287,2026-05-28,-0.1908791933066464,-0.2037153149068767,-1.0526478302987938,0.17337244297798113,-1.077409081450581,-1.4772609104541332,31920000.0,0,0,0,0,0,0,0,0,0,0,0,0,0,0,1,0,0,0,0,0,0,0,0,0,0,0,0,0,0,0,0,0,0,0,0,0,0,0,0,0,0,0,0,0,0,1
ALM-10345,2026-08-10,1.9401693347059146,1.8149422502554111,-0.019770414342236024,1.4420462120199986,1.1029130540788628,0.2998554071643664,56300000.0,0,0,0,0,0,0,0,0,0,0,1,0,0,0,0,0,0,0,0,0,0,0,0,0,0,0,0,0,0,0,0,0,0,0,0,0,0,0,0,0,0,0,0,0,1,0
ALM-10907,2026-07-23,-0.1908791933066464,0.04908852970223211,-0.8460723471074822,-0.3023802204127754,1.006009848055332,0.3571817399907684,34500000.0,0,0,0,0,0,0,0,0,0,0,1,0,0,0,0,0,0,0,0,0,0,0,0,0,0,0,0,0,0,0,0,0,0,0,0,0,0,0,0,0,0,0,0,0,1,0
ALM-10334,2026-06-18,-0.1908791933066464,-0.39614809214664626,1.6328334511882565,1.4420462120199986,0.666848626972974,0.3571817399907684,25630000.0,0,0,0,0,0,0,0,0,0,0,1,0,0,0,0,0,0,0,0,0,0,0,0,0,0,0,0,0,0,0,0,0,0,0,0,0,0,0,0,0,0,0,0,0,1,0
ALM-10359,2026-03-10,-1.256403457312927,-0.6489519367557554,1.6328334511882565,0.8077093274989898,1.3936226721494551,-0.044102589794053126,31820000.0,0,0,0,0,0,0,0,0,0,0,0,0,0,0,0,0,0,0,0,0,0,0,0,0,0,0,0,0,0,1,0,0,0,0,0,0,0,0,0,0,0,0,0,0,1,0
ALM-10936,2026-08-02,-0.1908791933066464,-0.42256043412073235,-0.6394968639161707,-0.9367171049337841,-0.6897962573564577,-0.5027132524052792,29500000.0,0,0,0,0,0,0,0,0,0,0,0,0,0,0,0,0,0,0,0,0,0,0,0,0,0,0,0,0,0,1,0,0,0,0,0,0,0,0,0,0,0,0,0,0,0,1
ALM-10037,2026-01-20,-0.1908791933066464,-0.46029235122656953,-0.6394968639161707,-0.9367171049337841,-0.5928930513329268,-0.9039975821901007,55580000.0,0,0,0,0,0,0,0,0,0,0,0,0,0,0,0,0,0,0,0,0,1,0,0,0,0,0,0,0,0,0,0,0,0,0,0,0,0,0,0,0,0,0,0,0,0,1
ALM-10962,2026-01-14,0.8746450706996342,0.5660157940522013,1.0131070016143218,1.4420462120199986,1.006009848055332,1.0450977339076075,94030000.0,0,0,0,0,0,0,0,0,0,0,0,0,0,0,0,0,0,0,0,0,0,0,0,0,0,0,0,0,0,0,0,0,0,0,1,0,0,0,0,0,0,0,0,0,1,0
ALM-11058,2026-02-16,-0.1908791933066464,-0.4376532009630672,-1.0526478302987938,-0.3023802204127754,-1.077409081450581,-1.5345872432805379,23870000.0,0,0,0,0,0,0,0,0,0,0,0,0,0,0,1,0,0,0,0,0,0,0,0,0,0,0,0,0,0,0,0,0,0,0,0,0,0,0,0,0,0,0,0,0,0,1
ALM-10103,2026-03-24,0.8746450706996342,0.3132119494430922,2.872286350336126,2.2349673176712592,1.4420742751612206,-0.15875525544685964,55370000.0,0,0,0,0,0,0,0,0,0,0,0,0,0,0,0,0,0,0,0,0,0,0,0,0,0,0,0,0,0,1,0,0,0,0,0,0,0,0,0,0,0,0,0,0,1,0
ALM-10544,2026-04-07,-0.1908791933066464,-0.18862254806454187,-0.43292138072485914,-1.0953013260640363,-0.44753824229763056,1.7330137278244466,46990000.0,0,0,0,0,0,0,0,0,0,0,0,0,0,1,0,0,0,0,0,0,0,0,0,0,0,0,0,0,0,0,0,0,0,0,0,0,0,0,0,0,0,0,0,0,0,0
ALM-11036,2026-05-08,-1.256403457312927,-0.9545804653130361,2.6657108671448144,1.4420462120199986,0.8606550390200356,1.0450977339076075,37980000.0,0,0,0,0,0,0,0,0,0,0,0,0,1,0,0,0,0,0,0,0,0,0,0,0,0,0,0,0,0,0,0,0,0,0,0,0,0,0,0,0,0,0,0,0,1,0
ALM-10418,2026-06-06,-1.256403457312927,-0.8828898228119455,2.2525599007621913,2.2349673176712592,1.5389774811847514,-0.27340792109966616,20280000.0,0,0,0,0,0,0,0,0,0,0,1,0,0,0,0,0,0,0,0,0,0,0,0,0,0,0,0,0,0,0,0,0,0,0,0,0,0,0,0,0,0,0,0,0,1,0
ALM-10906,2026-01-20,-0.1908791933066464,-0.2452204237232976,3.285437316718749,2.2349673176712592,1.2967194661259243,0.8157924026019945,35880000.0,0,0,0,0,0,0,0,0,0,0,0,0,0,0,0,0,0,0,0,0,0,0,0,0,0,0,1,0,0,0,0,0,0,0,0,0,0,0,0,0,0,0,0,0,1,0
ALM-10746,2026-06-14,-0.1908791933066464,-0.44142639267365097,1.0131070016143218,0.17337244297798113,-0.8836026694035193,-1.5345872432805379,53780000.0,0,0,0,0,0,0,0,0,0,0,0,0,0,0,0,0,0,0,0,0,1,0,0,0,0,0,0,0,0,0,0,0,0,0,0,0,0,0,0,0,0,0,0,0,0,1
ALM-10777,2026-04-21,1.9401693347059146,1.418757120644121,0.8065315184230102,1.4420462120199986,1.3936226721494551,0.9877714010812055,69570000.0,0,0,0,0,0,0,0,0,0,0,0,0,0,0,1,0,0,0,0,0,0,0,0,0,0,0,0,0,0,0,0,0,0,0,0,0,0,0,0,0,0,0,0,0,1,0
ALM-10650,2026-03-19,-1.256403457312927,-1.0413638746564617,-0.22634589753354759,-0.9367171049337841,-0.15682862422703808,-0.8466712493636988,17020000.0,0,0,0,0,0,0,0,0,0,0,0,0,0,0,0,0,0,0,0,0,0,0,0,0,0,0,1,0,0,0,0,0,0,0,0,0,0,0,0,0,0,0,0,0,0,1
ALM-10672,2026-08-04,0.8746450706996342,0.9395617733999894,0.8065315184230102,2.2349673176712592,0.9575582450435665,-0.15875525544685964,44930000.0,0,0,0,0,0,0,0,0,0,0,0,0,0,0,0,0,0,0,0,0,0,0,0,1,0,0,0,0,0,0,0,0,0,0,0,0,0,0,0,0,0,0,0,0,1,0
ALM-11071,2026-05-13,0.8746450706996342,0.0905936385186533,-0.6394968639161707,-0.9367171049337841,-1.9979895386741238,0.1852027415115599,29210000.0,0,0,0,0,0,0,0,0,0,0,0,0,0,0,0,0,0,0,0,0,0,0,0,1,0,0,0,0,0,0,0,0,0,0,0,0,0,0,0,0,0,0,0,0,0,0
ALM-11094,2026-01-31,1.9401693347059146,1.1734996594561793,-1.0526478302987938,0.17337244297798113,-0.10837702121527268,-0.6746922508844877,49560000.0,0,0,0,0,0,0,0,0,0,0,0,0,0,0,1,0,0,0,0,0,0,0,0,0,0,0,0,0,0,0,0,0,0,0,0,0,0,0,0,0,0,0,0,0,0,1
ALM-10240,2026-07-12,-0.1908791933066464,-0.6715910870192574,0.18680506884907555,0.8077093274989898,1.1998162601023936,-0.3880605867524727,25680000.0,0,0,0,0,0,0,0,0,0,0,0,0,0,0,0,0,0,0,0,0,0,0,0,0,0,0,1,0,0,0,0,0,0,0,0,0,0,0,0,0,0,0,0,0,1,0
ALM-10782,2026-06-09,-0.1908791933066464,-0.596127252807583,-1.0526478302987938,-0.3023802204127754,1.5874290841965168,0.5864870712963814,52630000.0,0,0,0,0,0,0,0,0,0,0,0,0,0,0,0,0,0,0,0,0,1,0,0,0,0,0,0,0,0,0,0,0,0,0,0,0,0,0,0,0,0,0,0,0,1,0
ALM-10780,2026-04-11,-1.256403457312927,-1.048910258077629,-1.0526478302987938,-0.3023802204127754,0.036977787820023575,1.5610347293452356,19020000.0,0,0,0,0,0,0,0,0,0,0,0,0,0,0,0,0,0,0,0,0,0,0,0,0,0,0,0,0,0,1,0,0,0,0,0,0,0,0,0,0,0,0,0,0,0,0
ALM-10422,2026-01-30,-0.1908791933066464,-0.2829523408291348,3.9051637662926835,2.2349673176712592,0.8122034360082702,0.12787640868515537,32330000.0,0,0,0,0,0,0,0,0,0,0,0,0,0,0,0,0,0,0,0,0,0,0,0,0,0,0,1,0,0,0,0,0,0,0,0,0,0,0,0,0,0,0,0,0,1,0
ALM-10147,2026-06-09,-0.1908791933066464,-0.08297318016819795,-0.43292138072485914,-0.9367171049337841,-1.1258606844623464,-1.5919135761069398,52360000.0,0,0,0,0,0,0,0,0,0,0,0,0,0,0,0,0,0,1,0,0,0,0,0,0,0,0,0,0,0,0,0,0,0,0,0,0,0,0,0,0,0,0,0,0,0,1
ALM-10005,2026-01-01,-1.256403457312927,-0.8338383305743573,-1.0526478302987938,0.17337244297798113,0.7153002299847394,-0.33073425392606814,40720000.0,0,0,0,0,0,0,0,0,0,0,0,0,0,0,0,0,0,0,0,0,1,0,0,0,0,0,0,0,0,0,0,0,0,0,0,0,0,0,0,0,0,0,0,0,1,0
ALM-10639,2026-03-02,-1.256403457312927,-0.5319829937276601,2.872286350336126,2.2349673176712592,0.666848626972974,1.0450977339076075,35290000.0,0,0,0,0,0,0,0,0,0,0,0,0,0,0,0,0,0,0,0,0,0,0,0,0,0,0,0,0,0,1,0,0,0,0,0,0,0,0,0,0,0,0,0,0,1,0
ALM-10986,2026-08-21,-0.1908791933066464,-0.5244366103064926,-0.43292138072485914,2.2349673176712592,1.3936226721494551,-0.27340792109966616,25000000.0,0,0,0,0,0,0,0,0,0,0,0,0,0,0,0,0,0,0,0,0,0,0,0,0,0,0,1,0,0,0,0,0,0,0,0,0,0,0,0,0,0,0,0,0,1,0
ALM-10082,2026-05-19,-1.256403457312927,-0.7847868383367689,-0.019770414342236024,-0.3023802204127754,0.7637518329965048,-0.3880605867524727,45890000.0,0,0,0,0,0,0,0,0,0,0,0,0,0,0,0,0,0,1,0,0,0,0,0,0,0,0,0,0,0,0,0,0,0,0,0,0,0,0,0,0,0,0,0,0,1,0
ALM-10105,2026-03-15,-0.1908791933066464,-0.0037361542459398555,1.0131070016143218,0.17337244297798113,1.0544614510670973,1.159750399560414,73030000.0,0,0,0,0,0,0,0,0,0,0,0,0,0,0,0,0,0,1,0,0,0,0,0,0,0,0,0,0,0,0,0,0,0,0,0,0,0,0,0,0,0,0,0,0,1,0
ALM-10172,2026-07-07,-0.1908791933066464,-0.23390084859154658,-0.8460723471074822,-0.9367171049337841,0.036977787820023575,-0.7320185837108922,49820000.0,0,0,0,0,0,0,0,0,0,0,0,0,0,0,0,0,0,1,0,0,0,0,0,0,0,0,0,0,0,0,0,0,0,0,0,0,0,0,0,0,0,0,0,0,0,1
ALM-10154,2026-08-14,-0.1908791933066464,-0.04524126306236079,0.5999560352316987,0.17337244297798113,0.9575582450435665,1.2170767323868186,59160000.0,0,0,1,0,0,0,0,0,0,0,0,0,0,0,0,0,0,0,0,0,0,0,0,0,0,0,0,0,0,0,0,0,0,0,0,0,0,0,0,0,0,0,0,0,1,0
ALM-10781,2026-08-25,-0.1908791933066464,-0.1961689314857094,0.18680506884907555,0.17337244297798113,-0.011473815191741843,-0.6173659180580857,46800000.0,0,0,0,0,0,0,0,0,0,0,0,0,0,1,0,0,0,0,0,0,0,0,0,0,0,0,0,0,0,0,0,0,0,0,0,0,0,0,0,0,0,0,0,0,0,1
ALM-10563,2026-05-24,0.8746450706996342,0.732036229317885,0.3933805520403871,0.17337244297798113,0.909106642031801,1.2170767323868186,89840000.0,0,0,0,0,0,0,0,0,0,0,0,0,0,0,0,0,0,1,0,0,0,0,0,0,0,0,0,0,0,0,0,0,0,0,0,0,0,0,0,0,0,0,0,0,1,0
ALM-10961,2026-07-15,0.8746450706996342,0.32075833286425975,-0.8460723471074822,-0.9367171049337841,0.23078419986708523,0.873118735428399,81730000.0,0,0,0,0,0,0,0,0,0,0,0,0,0,0,0,0,0,0,0,0,1,0,0,0,0,0,0,0,0,0,0,0,0,0,0,0,0,0,0,0,0,0,0,0,0,0
ALM-11165,2026-07-10,0.8746450706996342,0.2339749235208344,0.18680506884907555,0.17337244297798113,-0.5928930513329268,-1.0186502478429071,42300000.0,0,0,0,0,0,0,0,0,0,0,0,0,0,0,1,0,0,0,0,0,0,0,0,0,0,0,0,0,0,0,0,0,0,0,0,0,0,0,0,0,0,0,0,0,0,1
ALM-10373,2026-04-13,-1.256403457312927,-0.9659000404447874,-0.6394968639161707,-0.9367171049337841,-0.6413446543446922,-1.5345872432805379,28020000.0,0,0,0,0,0,0,0,0,0,0,0,0,0,1,0,0,0,0,0,0,0,0,0,0,0,0,0,0,0,0,0,0,0,0,0,0,0,0,0,0,0,0,0,0,0,1
ALM-10218,2026-03-05,-1.256403457312927,-0.6942302372827598,-0.6394968639161707,-1.2538855471942885,-0.9320542724152847,0.12787640868515537,37650000.0,0,0,0,0,0,0,0,0,0,0,0,0,0,1,0,0,0,0,0,0,0,0,0,0,0,0,0,0,0,0,0,0,0,0,0,0,0,0,0,0,0,0,0,0,0,0
ALM-11185,2026-01-19,-1.256403457312927,-1.1281472839998872,-0.43292138072485914,-1.0953013260640363,-1.4650219055447042,1.5610347293452356,32280000.0,0,0,0,0,0,0,0,0,0,0,0,0,0,0,0,0,0,1,0,0,0,0,0,0,0,0,0,0,0,0,0,0,0,0,0,0,0,0,0,0,0,0,0,0,0,0
ALM-10261,2026-06-20,-0.1908791933066464,0.24529449865258546,3.285437316718749,2.2349673176712592,1.5874290841965168,-0.15875525544685964,34550000.0,0,0,0,0,0,0,0,0,0,0,1,0,0,0,0,0,0,0,0,0,0,0,0,0,0,0,0,0,0,0,0,0,0,0,0,0,0,0,0,0,0,0,0,0,1,0
ALM-10444,2026-04-13,-0.1908791933066464,-0.215034890038628,-0.8460723471074822,-0.3023802204127754,-0.2537318302505689,-0.5600395852316812,24770000.0,0,0,0,0,0,0,0,0,0,0,1,0,0,0,0,0,0,0,0,0,0,0,0,0,0,0,0,0,0,0,0,0,0,0,0,0,0,0,0,0,0,0,0,0,0,1
ALM-10263,2026-06-08,-0.1908791933066464,-0.056560838194111826,0.5999560352316987,-0.3023802204127754,1.4420742751612206,-0.27340792109966616,36110000.0,0,0,0,0,0,0,0,0,0,0,0,0,0,0,0,0,0,0,0,0,0,0,0,0,0,0,0,1,0,0,0,0,0,0,0,0,0,0,0,0,0,0,0,0,1,0
ALM-11025,2026-08-28,0.8746450706996342,0.9131494314259032,0.5999560352316987,0.17337244297798113,0.666848626972974,0.41450807281717295,45220000.0,0,0,0,0,0,0,0,0,0,0,0,0,0,0,0,0,0,0,0,0,0,0,0,1,0,0,0,0,0,0,0,0,0,0,0,0,0,0,0,0,0,0,0,0,1,0
ALM-10596,2026-06-29,0.8746450706996342,0.6263868614215405,-0.43292138072485914,-1.0953013260640363,-1.7072799206035314,1.159750399560414,40890000.0,0,0,0,0,0,0,0,0,0,0,0,0,0,0,0,0,0,0,0,0,0,0,0,0,0,0,0,0,0,1,0,0,0,0,0,0,0,0,0,0,0,0,0,0,0,0
ALM-10873,2026-05-20,1.9401693347059146,1.2753758356419398,-0.22634589753354759,-0.9367171049337841,-0.011473815191741843,-0.9039975821901007,43540000.0,0,0,0,0,0,0,0,0,0,0,0,0,0,0,0,0,0,0,0,0,0,0,0,0,0,0,1,0,0,0,0,0,0,0,0,0,0,0,0,0,0,0,0,0,0,1
ALM-10146,2026-04-15,-1.256403457312927,-0.9545804653130361,-1.0526478302987938,-1.2538855471942885,-0.6413446543446922,0.2425290743379619,31850000.0,0,0,0,0,0,0,0,0,0,0,0,0,0,1,0,0,0,0,0,0,0,0,0,0,0,0,0,0,0,0,0,0,0,0,0,0,0,0,0,0,0,0,0,0,0,0
ALM-10861,2026-02-23,0.8746450706996342,1.0942626335339216,-1.0526478302987938,-0.3023802204127754,1.006009848055332,0.41450807281717295,92180000.0,0,0,0,0,0,0,0,0,0,0,0,0,0,0,0,0,0,1,0,0,0,0,0,0,0,0,0,0,0,0,0,0,0,0,0,0,0,0,0,0,0,0,0,0,1,0
ALM-10234,2026-06-15,0.8746450706996342,0.739582612739052,-0.019770414342236024,1.4420462120199986,1.1998162601023936,-0.044102589794053126,58000000.0,0,0,0,0,0,0,0,0,0,0,0,0,0,0,0,0,0,0,0,0,0,0,0,0,0,0,0,0,0,1,0,0,0,0,0,0,0,0,0,0,0,0,0,0,1,0
ALM-10495,2026-03-23,-1.256403457312927,-1.026271107814127,0.18680506884907555,-0.3023802204127754,-0.495989845309396,-0.9039975821901007,26720000.0,0,0,0,0,0,0,0,0,0,0,0,0,0,0,0,0,0,0,0,0,0,0,0,0,0,0,0,0,0,0,0,0,0,0,0,0,0,0,0,0,0,1,0,0,0,1
ALM-10784,2026-08-23,0.8746450706996342,1.3357469030112796,-0.6394968639161707,0.8077093274989898,1.4420742751612206,1.159750399560414,77850000.0,0,0,0,0,0,0,0,0,0,0,0,0,0,0,1,0,0,0,0,0,0,0,0,0,0,0,0,0,0,0,0,0,0,0,0,0,0,0,0,0,0,0,0,0,1,0
ALM-10227,2026-07-04,-0.1908791933066464,-0.47161192635832055,-0.019770414342236024,-0.3023802204127754,-1.3681186995211734,-1.1906292463221182,22810000.0,0,0,0,0,0,0,0,0,0,0,0,0,0,0,0,0,0,0,0,0,0,0,0,0,0,0,1,0,0,0,0,0,0,0,0,0,0,0,0,0,0,0,0,0,0,1
ALM-10173,2026-05-15,-1.256403457312927,-0.7093230041250945,0.3933805520403871,-0.3023802204127754,-0.011473815191741843,-0.6173659180580857,21580000.0,0,0,0,0,0,0,0,0,0,0,0,0,0,0,0,0,0,0,0,0,0,0,0,0,0,0,1,0,0,0,0,0,0,0,0,0,0,0,0,0,0,0,0,0,0,1
ALM-10079,2026-01-28,0.8746450706996342,0.9282421982682378,-1.0526478302987938,-1.0953013260640363,-1.5134735085564697,0.643813404122786,77810000.0,0,0,0,0,0,0,0,0,0,0,0,0,0,0,0,0,0,1,0,0,0,0,0,0,0,0,0,0,0,0,0,0,0,0,0,0,0,0,0,0,0,0,0,0,0,0
ALM-10895,2026-07-09,-1.256403457312927,-0.7395085378097644,-0.8460723471074822,-0.9367171049337841,-1.2227638904858773,-1.4772609104541332,20220000.0,0,0,0,0,0,0,0,0,0,0,0,0,0,0,0,0,0,0,0,0,0,0,0,0,0,0,1,0,0,0,0,0,0,0,0,0,0,0,0,0,0,0,0,0,0,1
ALM-10865,2026-03-08,-0.1908791933066464,-0.32068425793497196,-0.019770414342236024,-0.3023802204127754,-1.1258606844623464,-1.1333029134957138,24860000.0,0,0,0,0,0,0,0,0,0,0,0,0,0,0,0,0,0,0,0,0,0,0,0,0,0,0,0,0,0,1,0,0,0,0,0,0,0,0,0,0,0,0,0,0,0,1
ALM-10509,2026-02-10,-0.1908791933066464,-0.279179149118551,2.872286350336126,1.4420462120199986,1.248267863114159,0.2425290743379619,60670000.0,0,0,0,0,0,0,0,0,0,0,0,0,0,0,0,0,0,1,0,0,0,0,0,0,0,0,0,0,0,0,0,0,0,0,0,0,0,0,0,0,0,0,0,0,1,0
ALM-10144,2026-04-11,-1.256403457312927,-1.0036319575506245,-0.43292138072485914,2.2349673176712592,1.5874290841965168,-0.3880605867524727,17910000.0,0,0,0,0,0,0,0,0,0,0,0,0,0,0,0,0,0,0,0,0,0,0,0,1,0,0,0,0,0,0,0,0,0,0,0,0,0,0,0,0,0,0,0,0,1,0
ALM-10871,2026-07-05,-1.256403457312927,-0.890436206233113,-0.43292138072485914,-0.9367171049337841,0.1338809938435544,-0.27340792109966616,24460000.0,0,0,0,0,0,0,0,0,0,0,0,0,0,0,0,0,0,0,0,0,0,0,0,0,0,0,0,0,0,1,0,0,0,0,0,0,0,0,0,0,0,0,0,0,0,0
ALM-10757,2026-05-16,-1.256403457312927,-0.7546013046520993,0.5999560352316987,0.8077093274989898,0.909106642031801,0.5864870712963814,45540000.0,0,0,0,0,0,0,0,0,0,0,0,0,0,1,0,0,0,0,0,0,0,0,0,0,0,0,0,0,0,0,0,0,0,0,0,0,0,0,0,0,0,0,0,0,1,0
ALM-10570,2026-05-16,-1.256403457312927,-0.7659208797838503,-0.019770414342236024,-0.3023802204127754,-0.7382478603682231,-0.5027132524052792,17920000.0,0,0,0,0,0,0,0,0,0,0,0,0,0,0,0,0,0,0,0,0,0,0,0,1,0,0,0,0,0,0,0,0,0,0,0,0,0,0,0,0,0,0,0,0,0,1
ALM-10533,2026-08-06,-1.256403457312927,-0.9055289730754479,-0.6394968639161707,-1.2538855471942885,-1.1258606844623464,0.5291607384699795,22360000.0,0,0,0,0,0,0,0,0,0,0,0,0,0,0,0,0,0,0,0,0,0,0,0,0,0,0,0,0,0,1,0,0,0,0,0,0,0,0,0,0,0,0,0,0,0,0
ALM-10273,2026-07-04,-0.1908791933066464,0.13964513075624152,-0.8460723471074822,-0.3023802204127754,1.490525878172986,0.3571817399907684,74820000.0,0,0,0,0,0,0,0,0,0,0,0,0,0,0,0,0,0,0,0,0,1,0,0,0,0,0,0,0,0,0,0,0,0,0,0,0,0,0,0,0,0,0,0,0,1,0
ALM-10521,2026-05-29,-1.256403457312927,-1.3847243203195798,-1.0526478302987938,-1.2538855471942885,-0.495989845309396,0.5864870712963814,25790000.0,0,0,0,0,0,0,0,0,0,0,0,0,0,0,0,0,0,1,0,0,0,0,0,0,0,0,0,0,0,0,0,0,0,0,0,0,0,0,0,0,0,0,0,0,0,0
ALM-10265,2026-07-09,-0.1908791933066464,-0.10183913872111652,0.5999560352316987,-0.3023802204127754,-0.7382478603682231,-0.7893449165372942,48780000.0,0,0,0,0,0,0,0,0,0,0,0,0,0,1,0,0,0,0,0,0,0,0,0,0,0,0,0,0,0,0,0,0,0,0,0,0,0,0,0,0,0,0,0,0,0,1
ALM-10875,2026-04-26,-1.256403457312927,-1.1394668591316381,1.2196824848056333,2.2349673176712592,0.8122034360082702,0.930445068254801,33060000.0,1,0,0,0,0,0,0,0,0,0,0,0,0,0,0,0,0,0,0,0,0,0,0,0,0,0,0,0,0,0,0,0,0,0,0,0,0,0,0,0,0,0,0,0,1,0
ALM-10654,2026-03-23,-1.256403457312927,-0.6942302372827598,-1.0526478302987938,-1.2538855471942885,-0.44753824229763056,1.0450977339076075,20740000.0,0,0,0,0,0,0,0,0,0,0,0,0,0,0,0,0,0,0,0,0,0,0,0,0,0,1,0,0,0,0,0,0,0,0,0,0,0,0,0,0,0,0,0,0,0,0
ALM-11048,2026-01-15,-0.1908791933066464,-0.45651915951598576,-0.43292138072485914,-0.3023802204127754,-0.10837702121527268,-1.2479555791485202,24430000.0,0,0,0,0,0,0,0,0,0,0,0,0,0,0,0,0,0,0,0,0,0,0,0,0,0,0,1,0,0,0,0,0,0,0,0,0,0,0,0,0,0,0,0,0,0,1
ALM-10703,2026-01-11,-0.1908791933066464,-0.39614809214664626,-0.6394968639161707,2.2349673176712592,0.7637518329965048,0.930445068254801,28690000.0,0,0,0,0,0,0,0,0,0,0,1,0,0,0,0,0,0,0,0,0,0,0,0,0,0,0,0,0,0,0,0,0,0,0,0,0,0,0,0,0,0,0,0,0,1,0
ALM-10362,2026-04-02,-0.1908791933066464,0.09436683022923681,-1.0526478302987938,1.4420462120199986,1.1513646570906282,0.2425290743379619,32780000.0,0,0,0,0,0,0,0,0,0,0,0,0,0,0,0,0,0,0,0,0,0,0,0,0,0,0,1,0,0,0,0,0,0,0,0,0,0,0,0,0,0,0,0,0,1,0
ALM-10122,2026-08-02,-0.1908791933066464,-0.3433234081984743,0.18680506884907555,-0.3023802204127754,-1.0289574784388156,-0.9613239150165053,44880000.0,0,0,0,0,0,0,0,0,0,0,0,0,0,1,0,0,0,0,0,0,0,0,0,0,0,0,0,0,0,0,0,0,0,0,0,0,0,0,0,0,0,0,0,0,0,1
ALM-11029,2026-07-23,-1.256403457312927,-0.6527251284663388,-0.22634589753354759,-0.9367171049337841,-1.3681186995211734,-1.0759765806693118,20240000.0,0,0,0,0,0,0,0,0,0,0,1,0,0,0,0,0,0,0,0,0,0,0,0,0,0,0,0,0,0,0,0,0,0,0,0,0,0,0,0,0,0,0,0,0,0,1
ALM-10397,2026-06-19,-0.1908791933066464,-0.3697357501725601,2.6657108671448144,1.4420462120199986,1.3451710691376897,0.643813404122786,58200000.0,0,0,0,0,0,0,0,0,0,0,0,0,0,0,0,0,0,0,0,0,1,0,0,0,0,0,0,0,0,0,0,0,0,0,0,0,0,0,0,0,0,0,0,0,1,0
ALM-11063,2026-06-15,-1.256403457312927,-1.1621060093951405,1.2196824848056333,0.8077093274989898,1.2967194661259243,-0.27340792109966616,20110000.0,0,0,0,0,0,0,0,0,0,0,0,0,0,0,0,0,0,0,0,0,0,0,0,0,0,0,0,0,0,1,0,0,0,0,0,0,0,0,0,0,0,0,0,0,1,0
ALM-10879,2026-07-11,0.8746450706996342,0.5848817526051199,-1.0526478302987938,-0.3023802204127754,1.1513646570906282,0.07055007585875339,48480000.0,0,0,0,0,0,0,0,0,0,0,0,0,0,0,0,0,0,0,0,0,0,0,0,0,0,0,1,0,0,0,0,0,0,0,0,0,0,0,0,0,0,0,0,0,1,0
ALM-10799,2026-05-28,-1.256403457312927,-1.0074051492612084,-1.0526478302987938,-1.0953013260640363,-1.077409081450581,1.5610347293452356,22640000.0,0,0,0,0,0,0,0,0,0,0,0,0,0,0,1,0,0,0,0,0,0,0,0,0,0,0,0,0,0,0,0,0,0,0,0,0,0,0,0,0,0,0,0,0,0,0
ALM-10254,2026-05-27,-0.1908791933066464,-0.23767404030213007,2.6657108671448144,2.2349673176712592,1.1513646570906282,0.3571817399907684,40460000.0,0,0,0,0,0,0,0,0,0,0,0,0,0,0,0,0,0,0,0,0,0,0,0,0,0,0,0,0,0,1,0,0,0,0,0,0,0,0,0,0,0,0,0,0,1,0
ALM-11065,2026-06-24,0.8746450706996342,0.9244690065576543,1.2196824848056333,0.17337244297798113,0.036977787820023575,-1.1333029134957138,71510000.0,0,0,0,0,0,0,0,0,0,0,0,0,0,0,0,0,0,1,0,0,0,0,0,0,0,0,0,0,0,0,0,0,0,0,0,0,0,0,0,0,0,0,0,0,0,1
ALM-10765,2026-07-25,-0.1908791933066464,-0.5395293771488273,2.2525599007621913,2.2349673176712592,1.1513646570906282,0.5864870712963814,29840000.0,0,0,0,0,0,0,0,0,0,0,1,0,0,0,0,0,0,0,0,0,0,0,0,0,0,0,0,0,0,0,0,0,0,0,0,0,0,0,0,0,0,0,0,0,1,0
ALM-11002,2026-07-25,-1.256403457312927,-0.7546013046520993,-0.22634589753354759,-0.9367171049337841,0.27923580287885064,1.3317293980396225,38970000.0,0,0,0,0,0,0,0,0,0,0,0,0,0,0,0,0,0,1,0,0,0,0,0,0,0,0,0,0,0,0,0,0,0,0,0,0,0,0,0,0,0,0,0,0,0,0
ALM-10704,2026-03-04,-0.1908791933066464,-0.026375304509442206,-0.019770414342236024,-0.3023802204127754,-0.5928930513329268,-0.6746922508844877,38710000.0,0,0,0,0,0,0,0,0,0,0,0,0,0,0,1,0,0,0,0,0,0,0,0,0,0,0,0,0,0,0,0,0,0,0,0,0,0,0,0,0,0,0,0,0,0,1
ALM-11150,2026-02-05,0.8746450706996342,0.39244897536535056,-0.8460723471074822,-1.2538855471942885,-0.6897962573564577,1.7903400606508486,50990000.0,0,0,0,0,0,0,0,0,0,0,0,0,0,0,0,0,0,0,0,0,0,0,0,0,0,0,0,0,0,1,0,0,0,0,0,0,0,0,0,0,0,0,0,0,0,0
ALM-10664,2026-08-31,-0.1908791933066464,-0.5697149108334972,0.5999560352316987,-0.3023802204127754,-1.8526347296388277,0.7584660697755925,49090000.0,0,0,0,0,0,0,0,0,0,0,0,0,0,0,0,0,0,0,0,0,1,0,0,0,0,0,0,0,0,0,0,0,0,0,0,0,0,0,0,0,0,0,0,0,0,0
ALM-10221,2026-03-30,0.8746450706996342,0.5773353691839523,-0.6394968639161707,-0.3023802204127754,-0.5928930513329268,-0.6173659180580857,32640000.0,0,0,0,0,0,0,0,0,0,0,1,0,0,0,0,0,0,0,0,0,0,0,0,0,0,0,0,0,0,0,0,0,0,0,0,0,0,0,0,0,0,0,0,0,0,1
ALM-10231,2026-08-21,0.8746450706996342,1.090489441823338,-1.0526478302987938,-1.0953013260640363,-1.1258606844623464,-0.33073425392606814,80060000.0,0,0,0,0,0,0,0,0,0,0,0,0,0,0,0,0,0,0,0,0,1,0,0,0,0,0,0,0,0,0,0,0,0,0,0,0,0,0,0,0,0,0,0,0,0,0
ALM-10967,2026-06-22,1.9401693347059146,0.5584694106310337,-1.0526478302987938,1.4420462120199986,0.8606550390200356,0.013223743032348861,32090000.0,0,0,0,0,0,0,0,0,0,0,0,0,0,0,0,0,0,0,0,0,0,0,0,1,0,0,0,0,0,0,0,0,0,0,0,0,0,0,0,0,0,0,0,0,1,0
ALM-11015,2026-06-09,0.8746450706996342,0.4679128095770249,-0.22634589753354759,-0.9367171049337841,-0.8836026694035193,-1.4772609104541332,36650000.0,0,0,0,0,0,0,0,0,0,0,0,0,0,0,0,0,0,0,0,0,0,0,0,0,0,0,1,0,0,0,0,0,0,0,0,0,0,0,0,0,0,0,0,0,0,1
ALM-10488,2026-04-25,-1.256403457312927,-1.1394668591316381,-0.6394968639161707,-1.2538855471942885,-0.7866994633799885,2.1916243904356727,16950000.0,0,0,0,0,0,0,0,0,0,0,0,0,0,0,0,0,0,0,0,0,0,0,0,0,0,0,1,0,0,0,0,0,0,0,0,0,0,0,0,0,0,0,0,0,0,0
ALM-11096,2026-02-10,-1.256403457312927,-0.9545804653130361,-0.22634589753354759,-0.3023802204127754,1.1029130540788628,0.7584660697755925,20400000.0,0,0,0,0,0,0,0,0,0,0,0,0,0,0,0,0,0,0,0,0,0,0,0,1,0,0,0,0,0,0,0,0,0,0,0,0,0,0,0,0,0,0,0,0,1,0
ALM-10001,2026-03-06,0.8746450706996342,0.29434599089017366,0.5999560352316987,-0.3023802204127754,-0.7866994633799885,-1.2479555791485202,34170000.0,0,0,0,0,0,0,0,0,0,0,0,0,0,0,0,0,0,0,0,0,0,0,0,0,0,0,0,0,0,1,0,0,0,0,0,0,0,0,0,0,0,0,0,0,0,1
ALM-10825,2026-01-24,-1.256403457312927,-1.1734255845268917,-0.43292138072485914,-0.3023802204127754,1.5389774811847514,0.643813404122786,15730000.0,0,0,0,0,0,0,0,0,0,0,0,0,0,0,0,0,0,0,0,0,0,0,0,1,0,0,0,0,0,0,0,0,0,0,0,0,0,0,0,0,0,0,0,0,1,0
ALM-10332,2026-03-12,-0.1908791933066464,-0.18862254806454187,0.3933805520403871,-0.3023802204127754,-1.3681186995211734,1.61836106217164,68130000.0,0,0,0,0,0,0,0,0,0,0,0,0,0,0,0,0,0,0,0,0,1,0,0,0,0,0,0,0,0,0,0,0,0,0,0,0,0,0,0,0,0,0,0,0,0,0
ALM-10250,2026-07-26,-1.256403457312927,-0.890436206233113,-1.0526478302987938,-0.3023802204127754,1.0544614510670973,1.2170767323868186,46930000.0,0,0,0,0,0,0,0,0,0,0,0,0,0,0,0,0,0,0,0,1,0,0,0,0,0,0,0,0,0,0,0,0,0,0,0,0,0,0,0,0,0,0,0,0,1,0
ALM-10224,2026-08-26,1.9401693347059146,1.365932436695949,-1.0526478302987938,-1.0953013260640363,0.23078419986708523,1.5610347293452356,93640000.0,0,0,0,0,0,0,0,0,0,0,0,0,0,1,0,0,0,0,0,0,0,0,0,0,0,0,0,0,0,0,0,0,0,0,0,0,0,0,0,0,0,0,0,0,0,0
ALM-10694,2026-03-08,-0.1908791933066464,-0.1697565895116233,-0.43292138072485914,0.17337244297798113,0.7637518329965048,0.5291607384699795,32790000.0,0,0,0,0,0,0,0,0,0,0,0,0,0,0,0,0,0,0,0,0,0,0,0,0,0,0,0,1,0,0,0,0,0,0,0,0,0,0,0,0,0,0,0,0,1,0
ALM-10127,2026-06-14,0.8746450706996342,0.9320153899788218,-0.6394968639161707,0.17337244297798113,-0.5444414483211614,-0.9613239150165053,41900000.0,0,0,0,0,0,0,0,0,0,0,0,0,0,0,0,0,0,0,0,0,0,0,0,0,0,0,0,0,0,1,0,0,0,0,0,0,0,0,0,0,0,0,0,0,0,1
ALM-11168,2026-03-23,-1.256403457312927,-0.7583744963626831,0.18680506884907555,-0.3023802204127754,1.1513646570906282,-0.044102589794053126,40180000.0,0,0,0,0,0,0,0,0,0,0,0,0,0,0,0,0,0,0,0,0,1,0,0,0,0,0,0,0,0,0,0,0,0,0,0,0,0,0,0,0,0,0,0,0,1,0
ALM-10866,2026-04-24,-0.1908791933066464,-0.20748850661746046,2.872286350336126,1.4420462120199986,1.1513646570906282,-0.33073425392606814,36800000.0,0,0,0,0,0,0,0,0,0,0,0,0,0,0,1,0,0,0,0,0,0,0,0,0,0,0,0,0,0,0,0,0,0,0,0,0,0,0,0,0,0,0,0,0,1,0
ALM-10667,2026-04-22,-0.1908791933066464,-0.6149932113605017,-0.22634589753354759,-0.3023802204127754,1.5874290841965168,-0.3880605867524727,28090000.0,0,0,0,0,0,0,0,0,0,0,0,0,0,0,0,0,0,0,0,0,0,0,0,0,0,0,0,0,0,0,0,0,0,0,0,0,0,1,0,0,0,0,0,0,1,0
ALM-10619,2026-05-24,-0.1908791933066464,-0.43388000925248343,0.5999560352316987,0.17337244297798113,-1.1258606844623464,-0.8466712493636988,28310000.0,0,0,0,0,0,0,0,0,0,0,0,0,0,0,1,0,0,0,0,0,0,0,0,0,0,0,0,0,0,0,0,0,0,0,0,0,0,0,0,0,0,0,0,0,0,1
ALM-10481,2026-06-03,-1.256403457312927,-1.0640030249199641,1.0131070016143218,0.17337244297798113,-0.10837702121527268,-1.1906292463221182,15690000.0,0,0,0,0,0,0,0,0,0,0,1,0,0,0,0,0,0,0,0,0,0,0,0,0,0,0,0,0,0,0,0,0,0,0,0,0,0,0,0,0,0,0,0,0,0,1
ALM-11144,2026-08-04,-0.1908791933066464,-0.21880808174921149,-0.019770414342236024,1.4420462120199986,1.1998162601023936,1.0450977339076075,65250000.0,0,0,0,0,0,0,0,0,0,0,0,0,0,0,0,0,0,0,0,0,1,0,0,0,0,0,0,0,0,0,0,0,0,0,0,0,0,0,0,0,0,0,0,0,1,0
ALM-10883,2026-03-10,-0.1908791933066464,0.05286172141281588,-0.8460723471074822,-1.0953013260640363,-0.3990866392858652,1.446382063692429,61130000.0,0,0,0,0,0,0,0,0,0,0,0,0,0,0,0,0,0,1,0,0,0,0,0,0,0,0,0,0,0,0,0,0,0,0,0,0,0,0,0,0,0,0,0,0,0,0
ALM-10579,2026-05-31,-0.1908791933066464,-0.6451787450451716,0.5999560352316987,0.8077093274989898,1.4420742751612206,-0.3880605867524727,29670000.0,0,0,0,0,0,0,0,0,0,0,0,0,0,0,0,0,0,0,0,0,0,0,0,0,0,0,1,0,0,0,0,0,0,0,0,0,0,0,0,0,0,0,0,0,1,0
ALM-10333,2026-03-26,1.9401693347059146,0.8942834728729847,-0.8460723471074822,-1.2538855471942885,-0.495989845309396,-0.044102589794053126,57080000.0,0,0,0,0,0,0,0,0,0,0,0,0,0,0,0,0,0,0,0,0,0,0,0,0,0,0,0,0,0,1,0,0,0,0,0,0,0,0,0,0,0,0,0,0,0,0
ALM-10255,2026-04-14,-0.1908791933066464,-0.2452204237232976,-0.22634589753354759,-0.3023802204127754,1.1029130540788628,-0.10142892262045765,41500000.0,0,0,0,0,0,0,0,0,0,0,0,0,0,0,0,0,0,0,0,0,0,0,0,0,0,0,0,0,0,1,0,0,0,0,0,0,0,0,0,0,0,0,0,0,1,0
ALM-10220,2026-05-28,1.9401693347059146,1.5696847890674694,0.3933805520403871,0.17337244297798113,-0.5928930513329268,-1.3626082448013268,67380000.0,0,0,0,0,0,0,0,0,0,0,0,0,0,0,1,0,0,0,0,0,0,0,0,0,0,0,0,0,0,0,0,0,0,0,0,0,0,0,0,0,0,0,0,0,0,1
ALM-10118,2026-03-14,-1.256403457312927,-0.9281681233389503,0.3933805520403871,-0.3023802204127754,-0.44753824229763056,-1.1906292463221182,20740000.0,0,0,0,0,0,0,0,0,0,0,0,0,0,0,0,0,0,0,0,0,0,0,0,0,0,0,0,0,0,1,0,0,0,0,0,0,0,0,0,0,0,0,0,0,0,1
ALM-10494,2026-08-05,0.8746450706996342,0.9320153899788218,-0.8460723471074822,-0.9367171049337841,-1.4165703025329388,1.904992726303655,87480000.0,0,0,0,0,0,0,0,0,0,0,0,0,0,1,0,0,0,0,0,0,0,0,0,0,0,0,0,0,0,0,0,0,0,0,0,0,0,0,0,0,0,0,0,0,0,0
ALM-11116,2026-07-14,0.8746450706996342,0.5584694106310337,-1.0526478302987938,-0.9367171049337841,-0.2537318302505689,-1.1906292463221182,52470000.0,0,0,0,0,0,0,0,0,0,0,0,0,0,1,0,0,0,0,0,0,0,0,0,0,0,0,0,0,0,0,0,0,0,0,0,0,0,0,0,0,0,0,0,0,0,1
ALM-10137,2026-05-08,-0.1908791933066464,-0.6489519367557554,1.2196824848056333,0.17337244297798113,0.7153002299847394,-0.33073425392606814,37590000.0,0,0,0,0,0,0,0,0,0,0,0,0,0,1,0,0,0,0,0,0,0,0,0,0,0,0,0,0,0,0,0,0,0,0,0,0,0,0,0,0,0,0,0,0,1,0
ALM-11126,2026-08-10,-0.1908791933066464,-0.31691106622438814,-1.0526478302987938,-0.9367171049337841,-1.4165703025329388,-0.044102589794053126,22760000.0,0,0,0,0,0,0,0,0,0,0,1,0,0,0,0,0,0,0,0,0,0,0,0,0,0,0,0,0,0,0,0,0,0,0,0,0,0,0,0,0,0,0,0,0,0,0
ALM-10531,2026-06-05,-1.256403457312927,-0.8677970559696108,-0.6394968639161707,-1.0953013260640363,0.5699454209494431,1.2170767323868186,43640000.0,0,0,0,0,0,0,0,0,0,0,0,0,0,0,0,0,0,0,1,0,0,0,0,0,0,0,0,0,0,0,0,0,0,0,0,0,0,0,0,0,0,0,0,0,0,0
ALM-10505,2026-04-21,0.8746450706996342,0.4980983432616945,-0.8460723471074822,-0.9367171049337841,-0.6413446543446922,-1.0186502478429071,49960000.0,0,0,0,0,0,0,0,0,0,0,0,0,0,0,0,0,0,0,0,0,0,0,0,0,0,0,0,0,0,1,0,0,0,0,0,0,0,0,0,0,0,0,0,0,0,1
ALM-10578,2026-03-08,0.8746450706996342,0.45282004273468984,-0.019770414342236024,0.17337244297798113,-1.2712154934976427,-1.3052819119749248,40160000.0,0,0,0,0,0,0,0,0,0,0,0,0,0,0,0,0,0,0,0,0,0,0,0,0,0,0,0,0,0,1,0,0,0,0,0,0,0,0,0,0,0,0,0,0,0,1
ALM-10329,2026-05-13,-0.1908791933066464,-0.573488102544081,-0.43292138072485914,-1.0953013260640363,-1.9495379356623583,0.12787640868515537,19530000.0,0,0,0,0,0,0,0,0,0,0,1,0,0,0,0,0,0,0,0,0,0,0,0,0,0,0,0,0,0,0,0,0,0,0,0,0,0,0,0,0,0,0,0,0,0,0
ALM-10778,2026-03-31,1.9401693347059146,1.2942417941948583,-0.019770414342236024,-0.3023802204127754,0.1338809938435544,-0.044102589794053126,85410000.0,0,0,0,0,0,0,0,0,0,0,0,0,0,0,0,0,0,1,0,0,0,0,0,0,0,0,0,0,0,0,0,0,0,0,0,0,0,0,0,0,0,0,0,0,0,0
ALM-10499,2026-03-25,-0.1908791933066464,-0.15089063095870472,-1.0526478302987938,-1.2538855471942885,-1.8526347296388277,2.363603388914881,28590000.0,0,0,0,0,0,0,0,0,0,0,1,0,0,0,0,0,0,0,0,0,0,0,0,0,0,0,0,0,0,0,0,0,0,0,0,0,0,0,0,0,0,0,0,0,0,0
ALM-10253,2026-07-14,-0.1908791933066464,0.19624300641499726,-0.8460723471074822,-1.2538855471942885,0.4245906119141469,1.9623190591300597,47850000.0,0,0,0,0,0,0,0,0,0,0,0,0,0,0,1,0,0,0,0,0,0,0,0,0,0,0,0,0,0,0,0,0,0,0,0,0,0,0,0,0,0,0,0,0,0,0
ALM-10987,2026-01-17,0.8746450706996342,1.4678086128817096,-0.8460723471074822,-0.9367171049337841,-1.8526347296388277,-0.33073425392606814,96760000.0,0,0,0,0,0,0,0,0,0,0,0,0,0,0,0,0,0,1,0,0,0,0,0,0,0,0,0,0,0,0,0,0,0,0,0,0,0,0,0,0,0,0,0,0,0,0
ALM-10592,2026-04-28,1.9401693347059146,1.5244064885404653,0.5999560352316987,-0.3023802204127754,-0.495989845309396,-1.4772609104541332,59010000.0,0,0,0,0,0,0,0,0,0,0,0,0,0,0,0,0,0,0,0,0,0,0,0,0,0,0,0,0,0,1,0,0,0,0,0,0,0,0,0,0,0,0,0,0,0,1
ALM-10222,2026-08-20,-1.256403457312927,-0.9772196155765385,-0.43292138072485914,-0.9367171049337841,-1.2227638904858773,-0.6173659180580857,13920000.0,0,0,0,0,0,0,0,0,0,0,0,0,0,0,0,0,0,0,0,0,0,0,0,0,0,0,0,0,0,0,0,0,0,0,0,0,0,0,0,0,0,0,1,0,0,1
ALM-11171,2026-02-01,1.9401693347059146,1.713066074069651,-1.0526478302987938,-0.9367171049337841,-0.44753824229763056,-0.9613239150165053,57370000.0,0,0,0,0,0,0,0,0,0,0,0,0,0,0,1,0,0,0,0,0,0,0,0,0,0,0,0,0,0,0,0,0,0,0,0,0,0,0,0,0,0,0,0,0,0,1
ALM-10720,2026-02-17,0.8746450706996342,0.6905311205014638,-0.22634589753354759,-0.9367171049337841,0.036977787820023575,-1.4199345776277312,36510000.0,0,0,0,0,0,0,0,0,0,0,0,0,0,0,0,0,0,0,0,0,0,0,0,0,0,0,1,0,0,0,0,0,0,0,0,0,0,0,0,0,0,0,0,0,0,1
ALM-10071,2026-07-28,0.8746450706996342,0.4603664261558574,0.5999560352316987,-0.3023802204127754,1.5874290841965168,1.2744030652132206,49820000.0,0,0,0,0,0,0,0,0,0,0,0,0,0,0,0,0,0,0,0,0,0,0,0,0,0,0,0,0,1,0,0,0,0,0,0,0,0,0,0,0,0,0,0,0,1,0
ALM-10028,2026-08-21,0.8746450706996342,0.3283047162854273,0.18680506884907555,-0.3023802204127754,-0.7382478603682231,-0.9039975821901007,57280000.0,0,0,0,0,0,0,0,0,0,0,0,0,0,1,0,0,0,0,0,0,0,0,0,0,0,0,0,0,0,0,0,0,0,0,0,0,0,0,0,0,0,0,0,0,0,1
ALM-10188,2026-02-07,-1.256403457312927,-0.9772196155765385,0.8065315184230102,0.17337244297798113,-0.495989845309396,-1.0759765806693118,13930000.0,0,0,0,0,0,0,0,0,0,0,0,0,0,0,0,0,0,0,0,0,0,0,0,0,0,0,1,0,0,0,0,0,0,0,0,0,0,0,0,0,0,0,0,0,0,1
ALM-10301,2026-07-01,-0.1908791933066464,-0.505570651753574,2.872286350336126,1.4420462120199986,1.5874290841965168,0.07055007585875339,50310000.0,0,0,0,0,0,0,0,0,0,0,0,0,1,0,0,0,0,0,0,0,0,0,0,0,0,0,0,0,0,0,0,0,0,0,0,0,0,0,0,0,0,0,0,0,1,0
ALM-10607,2026-03-24,-1.256403457312927,-0.9545804653130361,0.8065315184230102,1.4420462120199986,1.1029130540788628,-0.044102589794053126,17520000.0,0,0,0,0,0,0,0,0,0,0,0,0,0,0,0,0,0,0,0,0,0,0,0,1,0,0,0,0,0,0,0,0,0,0,0,0,0,0,0,0,0,0,0,0,1,0
ALM-10106,2026-04-30,-0.1908791933066464,-0.23767404030213007,-0.43292138072485914,-0.9367171049337841,-1.3681186995211734,2.0196453919564616,58840000.0,0,0,0,0,0,0,0,0,0,0,0,0,0,1,0,0,0,0,0,0,0,0,0,0,0,0,0,0,0,0,0,0,0,0,0,0,0,0,0,0,0,0,0,0,0,0
ALM-11125,2026-07-30,0.8746450706996342,1.0753966749810029,-0.6394968639161707,-1.2538855471942885,-0.15682862422703808,0.9877714010812055,38290000.0,0,0,0,0,0,0,0,1,0,0,0,0,0,0,0,0,0,0,0,0,0,0,0,0,0,0,0,0,0,0,0,0,0,0,0,0,0,0,0,0,0,0,0,0,0,0
ALM-10957,2026-02-24,-0.1908791933066464,-0.27163276569738376,0.3933805520403871,1.4420462120199986,1.5389774811847514,0.3571817399907684,67060000.0,0,0,0,0,0,0,0,0,0,0,0,0,0,0,0,0,0,0,0,0,1,0,0,0,0,0,0,0,0,0,0,0,0,0,0,0,0,0,0,0,0,0,0,0,1,0
ALM-10469,2026-08-02,-1.256403457312927,-0.8942093979436968,-0.019770414342236024,-0.3023802204127754,-1.1258606844623464,0.47183440564357493,21840000.0,0,0,0,0,0,0,0,0,0,0,0,0,0,0,0,0,0,0,0,0,0,0,0,0,0,0,1,0,0,0,0,0,0,0,0,0,0,0,0,0,0,0,0,0,0,0
ALM-10311,2026-08-02,-1.256403457312927,-1.2036111182115614,-0.019770414342236024,-0.3023802204127754,-0.5444414483211614,-0.7320185837108922,17510000.0,0,0,0,0,0,0,0,0,0,0,0,0,0,0,0,0,0,0,0,0,0,0,0,0,0,0,0,0,0,1,0,0,0,0,0,0,0,0,0,0,0,0,0,0,0,1
ALM-10233,2026-07-07,-0.1908791933066464,-0.10183913872111652,-0.6394968639161707,-0.3023802204127754,0.4245906119141469,0.643813404122786,25280000.0,0,0,0,0,0,0,0,0,0,0,1,0,0,0,0,0,0,0,0,0,0,0,0,0,0,0,0,0,0,0,0,0,0,0,0,0,0,0,0,0,0,0,0,0,0,0
ALM-10161,2026-01-09,0.8746450706996342,0.743355804449636,-0.6394968639161707,-1.2538855471942885,-0.8351510663917538,1.5037083965188336,39000000.0,0,0,0,0,0,0,0,0,0,0,0,0,0,0,0,0,0,0,0,0,0,0,0,1,0,0,0,0,0,0,0,0,0,0,0,0,0,0,0,0,0,0,0,0,0,0
ALM-10836,2026-05-16,-1.256403457312927,-1.0187247243929594,-0.22634589753354759,-0.3023802204127754,-1.077409081450581,-0.9039975821901007,14350000.0,0,0,0,0,0,0,0,0,0,0,0,0,0,0,0,0,0,0,0,0,0,0,0,1,0,0,0,0,0,0,0,0,0,0,0,0,0,0,0,0,0,0,0,0,0,1
ALM-10045,2026-05-06,-0.1908791933066464,-0.23767404030213007,1.426257967996945,1.4420462120199986,1.1029130540788628,0.07055007585875339,27260000.0,0,0,0,0,0,0,0,0,0,0,0,0,0,0,0,0,0,0,0,0,0,0,0,0,0,0,1,0,0,0,0,0,0,0,0,0,0,0,0,0,0,0,0,0,1,0
ALM-10348,2026-01-14,-0.1908791933066464,-0.026375304509442206,-0.43292138072485914,-0.9367171049337841,-0.8351510663917538,2.1342980576092683,34470000.0,0,0,0,0,0,0,0,0,0,0,1,0,0,0,0,0,0,0,0,0,0,0,0,0,0,0,0,0,0,0,0,0,0,0,0,0,0,0,0,0,0,0,0,0,0,0
ALM-10507,2026-08-05,0.8746450706996342,0.5094179183934455,-0.6394968639161707,-0.3023802204127754,-0.7382478603682231,1.0450977339076075,50200000.0,0,0,0,0,0,1,0,0,0,0,0,0,0,0,0,0,0,0,0,0,0,0,0,0,0,0,0,0,0,0,0,0,0,0,0,0,0,0,0,0,0,0,0,0,0,0
ALM-10566,2026-01-18,-0.1908791933066464,0.27170684062667155,-0.43292138072485914,-0.9367171049337841,0.4245906119141469,0.930445068254801,70120000.0,0,0,0,0,0,0,0,0,0,0,0,0,0,0,0,0,0,1,0,0,0,0,0,0,0,0,0,0,0,0,0,0,0,0,0,0,0,0,0,0,0,0,0,0,0,0
ALM-10935,2026-02-27,-0.1908791933066464,-0.27540595740796725,0.18680506884907555,0.17337244297798113,0.909106642031801,0.41450807281717295,41240000.0,0,0,0,0,0,0,0,0,0,0,0,0,0,0,1,0,0,0,0,0,0,0,0,0,0,0,0,0,0,0,0,0,0,0,0,0,0,0,0,0,0,0,0,0,1,0
ALM-10466,2026-07-02,0.8746450706996342,1.090489441823338,-0.6394968639161707,-0.3023802204127754,-0.44753824229763056,-0.7893449165372942,88400000.0,0,0,0,0,0,0,0,0,0,0,0,0,0,0,0,0,0,0,0,0,1,0,0,0,0,0,0,0,0,0,0,0,0,0,0,0,0,0,0,0,0,0,0,0,0,1
ALM-10375,2026-08-11,-0.1908791933066464,-0.5810344859652483,-1.0526478302987938,-0.3023802204127754,-0.8351510663917538,-1.0186502478429071,47570000.0,0,0,0,0,0,0,0,0,0,0,0,0,0,0,0,0,0,0,0,0,1,0,0,0,0,0,0,0,0,0,0,0,0,0,0,0,0,0,0,0,0,0,0,0,0,1
ALM-10029,2026-01-03,0.8746450706996342,0.6678919702379618,1.2196824848056333,0.17337244297798113,1.2967194661259243,0.5864870712963814,61280000.0,0,1,0,0,0,0,0,0,0,0,0,0,0,0,0,0,0,0,0,0,0,0,0,0,0,0,0,0,0,0,0,0,0,0,0,0,0,0,0,0,0,0,0,0,1,0
ALM-10945,2026-06-02,-0.1908791933066464,-0.18107616464337434,0.3933805520403871,-0.3023802204127754,-0.5444414483211614,-1.4199345776277312,51830000.0,0,0,0,0,0,0,0,0,0,0,0,0,0,0,0,0,0,1,0,0,0,0,0,0,0,0,0,0,0,0,0,0,0,0,0,0,0,0,0,0,0,0,0,0,0,1
ALM-11193,2026-02-12,-0.1908791933066464,-0.23767404030213007,-0.019770414342236024,0.17337244297798113,-0.495989845309396,-1.5345872432805379,31900000.0,0,0,0,0,0,0,0,0,0,0,0,0,0,0,1,0,0,0,0,0,0,0,0,0,0,0,0,0,0,0,0,0,0,0,0,0,0,0,0,0,0,0,0,0,0,1
ALM-10856,2026-02-23,-1.256403457312927,-0.8527042891272759,0.18680506884907555,0.17337244297798113,-0.7866994633799885,-0.44538691957887466,42430000.0,0,0,0,0,0,0,0,0,0,0,0,0,0,0,0,0,0,0,0,0,1,0,0,0,0,0,0,0,0,0,0,0,0,0,0,0,0,0,0,0,0,0,0,0,0,1
ALM-10448,2026-03-06,0.8746450706996342,1.1584068926138449,0.8065315184230102,0.17337244297798113,-0.7382478603682231,-0.5027132524052792,82160000.0,0,0,0,0,0,0,0,0,0,0,0,0,0,0,0,0,0,1,0,0,0,0,0,0,0,0,0,0,0,0,0,0,0,0,0,0,0,0,0,0,0,0,0,0,0,1
ALM-10934,2026-01-05,0.8746450706996342,0.2981191826007577,-0.6394968639161707,0.17337244297798113,-0.15682862422703808,-1.1906292463221182,31370000.0,0,0,0,0,0,0,0,0,0,0,0,0,0,0,0,0,0,0,0,0,0,0,0,1,0,0,0,0,0,0,0,0,0,0,0,0,0,0,0,0,0,0,0,0,0,1
ALM-10889,2026-05-27,-0.1908791933066464,-0.6414055533345878,-0.6394968639161707,-0.3023802204127754,1.0544614510670973,0.930445068254801,46030000.0,0,0,1,0,0,0,0,0,0,0,0,0,0,0,0,0,0,0,0,0,0,0,0,0,0,0,0,0,0,0,0,0,0,0,0,0,0,0,0,0,0,0,0,0,1,0
ALM-10911,2026-08-20,-1.256403457312927,-1.2413430353173986,-0.019770414342236024,-0.3023802204127754,0.666848626972974,0.7584660697755925,30360000.0,0,0,0,0,0,0,0,0,0,0,0,0,0,0,0,0,0,0,0,0,1,0,0,0,0,0,0,0,0,0,0,0,0,0,0,0,0,0,0,0,0,0,0,0,0,0
ALM-10951,2026-08-01,-0.1908791933066464,-0.19994212319629293,-0.019770414342236024,-0.3023802204127754,-0.7866994633799885,-0.6746922508844877,27460000.0,0,0,0,0,0,0,0,0,0,0,1,0,0,0,0,0,0,0,0,0,0,0,0,0,0,0,0,0,0,0,0,0,0,0,0,0,0,0,0,0,0,0,0,0,0,1
ALM-10591,2026-07-01,-0.1908791933066464,-0.45651915951598576,-0.43292138072485914,-0.3023802204127754,-1.077409081450581,-1.2479555791485202,39750000.0,0,0,0,0,0,0,0,0,0,0,0,0,0,1,0,0,0,0,0,0,0,0,0,0,0,0,0,0,0,0,0,0,0,0,0,0,0,0,0,0,0,0,0,0,0,1
ALM-10593,2026-06-28,-0.1908791933066464,-0.056560838194111826,3.4920127999100607,2.2349673176712592,1.1998162601023936,0.5291607384699795,33620000.0,0,0,0,0,0,0,0,0,0,0,1,0,0,0,0,0,0,0,0,0,0,0,0,0,0,0,0,0,0,0,0,0,0,0,0,0,0,0,0,0,0,0,0,0,1,0
ALM-10217,2026-01-01,0.8746450706996342,0.5811085608945363,0.5999560352316987,0.17337244297798113,-1.319667096509408,-0.5600395852316812,63800000.0,1,0,0,0,0,0,0,0,0,0,0,0,0,0,0,0,0,0,0,0,0,0,0,0,0,0,0,0,0,0,0,0,0,0,0,0,0,0,0,0,0,0,0,0,0,1
ALM-11101,2026-05-27,0.8746450706996342,0.8301392137930614,-0.43292138072485914,-0.9367171049337841,-0.2537318302505689,-1.2479555791485202,75680000.0,0,0,0,0,0,0,0,0,0,0,0,0,0,0,0,0,0,0,0,0,1,0,0,0,0,0,0,0,0,0,0,0,0,0,0,0,0,0,0,0,0,0,0,0,0,1
ALM-11076,2026-05-12,-0.1908791933066464,-0.4036944755678138,1.0131070016143218,0.17337244297798113,-1.2712154934976427,-1.0759765806693118,44510000.0,0,0,0,0,0,0,0,0,0,0,0,0,0,0,0,0,0,1,0,0,0,0,0,0,0,0,0,0,0,0,0,0,0,0,0,0,0,0,0,0,0,0,0,0,0,1
ALM-10696,2026-07-01,0.8746450706996342,1.0603039081386678,-0.6394968639161707,-1.2538855471942885,0.5699454209494431,1.847666393477253,89590000.0,0,0,0,0,0,0,0,0,0,0,0,0,0,1,0,0,0,0,0,0,0,0,0,0,0,0,0,0,0,0,0,0,0,0,0,0,0,0,0,0,0,0,0,0,0,0
ALM-10129,2026-05-06,-0.1908791933066464,-0.20748850661746046,3.9051637662926835,2.2349673176712592,1.4420742751612206,0.7584660697755925,32080000.0,0,0,0,0,0,0,0,0,0,0,0,0,0,0,0,0,0,0,0,0,0,0,0,0,0,0,1,0,0,0,0,0,0,0,0,0,0,0,0,0,0,0,0,0,1,0
ALM-10749,2026-03-02,1.9401693347059146,1.4791281880134606,1.6328334511882565,2.2349673176712592,1.3451710691376897,0.873118735428399,63110000.0,0,0,0,0,0,0,0,0,0,0,0,0,0,0,0,0,0,0,0,0,0,0,0,0,0,0,0,0,0,1,0,0,0,0,0,0,0,0,0,0,0,0,0,0,1,0
ALM-10638,2026-03-11,-1.256403457312927,-0.6564983201769226,-0.6394968639161707,-1.2538855471942885,-0.495989845309396,0.07055007585875339,40250000.0,0,0,0,0,0,0,0,0,0,0,0,0,0,0,0,0,0,0,0,0,0,0,0,0,0,0,0,0,0,0,0,0,0,0,0,0,0,0,0,0,0,1,0,0,0,0
ALM-10209,2026-07-16,-0.1908791933066464,-0.38482851701489523,-0.8460723471074822,0.8077093274989898,0.8122034360082702,-0.044102589794053126,36630000.0,0,0,0,0,0,0,0,0,0,0,0,0,0,0,1,0,0,0,0,0,0,0,0,0,0,0,0,0,0,0,0,0,0,0,0,0,0,0,0,0,0,0,0,0,1,0
ALM-10751,2026-07-06,0.8746450706996342,0.6490260116850431,-0.6394968639161707,1.4420462120199986,1.3936226721494551,0.643813404122786,47540000.0,0,0,0,0,0,0,0,0,0,0,0,0,0,0,0,0,0,0,0,0,0,0,0,0,0,0,1,0,0,0,0,0,0,0,0,0,0,0,0,0,0,0,0,0,1,0
ALM-10335,2026-02-06,-0.1908791933066464,-0.6300859782028367,0.3933805520403871,0.17337244297798113,-1.3681186995211734,-1.3052819119749248,22610000.0,0,0,0,0,0,0,0,0,0,0,0,0,0,0,0,0,0,0,0,0,0,0,0,0,0,0,1,0,0,0,0,0,0,0,0,0,0,0,0,0,0,0,0,0,0,1
ALM-10540,2026-01-21,-1.256403457312927,-1.1206009005787199,0.5999560352316987,1.4420462120199986,0.8606550390200356,0.7584660697755925,32600000.0,0,0,0,0,0,0,0,0,0,0,0,0,0,1,0,0,0,0,0,0,0,0,0,0,0,0,0,0,0,0,0,0,0,0,0,0,0,0,0,0,0,0,0,0,1,0
ALM-10055,2026-03-14,-1.256403457312927,-0.573488102544081,0.5999560352316987,-0.3023802204127754,-1.658828317591766,0.1852027415115599,27140000.0,0,0,0,0,0,0,0,0,0,0,0,0,0,0,0,0,0,0,0,0,0,0,0,0,0,0,0,0,0,1,0,0,0,0,0,0,0,0,0,0,0,0,0,0,0,0
ALM-11091,2026-05-20,-0.1908791933066464,-0.27540595740796725,-0.8460723471074822,-1.2538855471942885,0.32768740589061607,1.389055730866027,55150000.0,0,0,0,0,0,0,0,0,0,0,0,0,0,1,0,0,0,0,0,0,0,0,0,0,0,0,0,0,0,0,0,0,0,0,0,0,0,0,0,0,0,0,0,0,0,0
ALM-10015,2026-07-28,-0.1908791933066464,-0.18107616464337434,0.3933805520403871,-0.3023802204127754,-0.3021834332623343,-1.2479555791485202,25000000.0,0,0,0,0,0,0,0,0,0,0,0,0,0,0,0,0,0,0,0,0,0,0,0,0,0,0,0,0,0,0,0,0,0,0,0,0,0,0,0,0,0,0,0,0,0,1
ALM-10818,2026-07-08,-1.256403457312927,-1.0451370663670454,1.2196824848056333,0.17337244297798113,-1.0289574784388156,-1.1906292463221182,25480000.0,0,0,0,0,0,0,0,0,0,0,0,0,0,0,0,0,0,0,1,0,0,0,0,0,0,0,0,0,0,0,0,0,0,0,0,0,0,0,0,0,0,0,0,0,0,1
ALM-10558,2026-03-08,-1.256403457312927,-0.996085574129457,-0.22634589753354759,-0.9367171049337841,-0.8351510663917538,-1.3626082448013268,30140000.0,0,0,0,0,0,0,0,0,0,0,0,0,0,0,0,0,0,0,0,0,0,0,0,0,0,0,0,0,0,0,0,0,0,1,0,0,0,0,0,0,0,0,0,0,0,1
ALM-11087,2026-03-18,-0.1908791933066464,-0.6942302372827598,-0.22634589753354759,-0.9367171049337841,-1.7557315236152968,2.2489507232620745,38350000.0,0,0,0,0,0,0,0,0,0,0,0,0,0,0,0,0,0,1,0,0,0,0,0,0,0,0,0,0,0,0,0,0,0,0,0,0,0,0,0,0,0,0,0,0,0,0
ALM-11050,2026-08-11,0.8746450706996342,1.0829430584021704,-0.019770414342236024,1.4420462120199986,0.909106642031801,-0.3880605867524727,48870000.0,0,0,0,0,1,0,0,0,0,0,0,0,0,0,0,0,0,0,0,0,0,0,0,0,0,0,0,0,0,0,0,0,0,0,0,0,0,0,0,0,0,0,0,0,1,0
ALM-10199,2026-02-16,-0.1908791933066464,0.39244897536535056,-0.8460723471074822,0.17337244297798113,-0.35063503627409975,-0.8466712493636988,49740000.0,0,0,0,0,0,0,0,0,0,0,0,0,0,1,0,0,0,0,0,0,0,0,0,0,0,0,0,0,0,0,0,0,0,0,0,0,0,0,0,0,0,0,0,0,0,1
ALM-10415,2026-04-18,-1.256403457312927,-0.7244157709674296,-1.0526478302987938,-0.3023802204127754,-0.20528022723880351,-1.5345872432805379,21530000.0,0,0,0,0,0,0,0,0,0,1,0,0,0,0,0,0,0,0,0,0,0,0,0,0,0,0,0,0,0,0,0,0,0,0,0,0,0,0,0,0,0,0,0,0,0,1
ALM-10798,2026-07-17,0.8746450706996342,0.5811085608945363,-0.43292138072485914,0.8077093274989898,1.3936226721494551,0.8157924026019945,50870000.0,0,0,0,0,0,0,0,0,0,0,0,0,0,0,0,0,0,0,0,0,0,0,0,0,0,0,0,0,0,1,0,0,0,0,0,0,0,0,0,0,0,0,0,0,1,0
ALM-10344,2026-07-26,-1.256403457312927,-0.8376115222849411,-0.22634589753354759,-0.9367171049337841,-1.1743122874741119,-1.4199345776277312,21420000.0,0,0,0,0,0,0,0,0,0,0,0,0,0,0,0,0,0,0,0,0,0,0,0,0,0,0,0,0,0,1,0,0,0,0,0,0,0,0,0,0,0,0,0,0,0,1
ALM-10491,2026-02-10,0.8746450706996342,0.5811085608945363,-1.0526478302987938,2.2349673176712592,1.3451710691376897,-0.15875525544685964,37960000.0,0,0,0,0,0,0,0,0,0,0,0,0,0,0,0,0,0,0,0,0,0,0,0,1,0,0,0,0,0,0,0,0,0,0,0,0,0,0,0,0,0,0,0,0,1,0
ALM-10699,2026-03-30,0.8746450706996342,0.6188404780003736,-0.6394968639161707,-1.0953013260640363,-0.20528022723880351,0.7584660697755925,59510000.0,0,0,0,0,0,0,0,0,0,0,0,0,0,0,1,0,0,0,0,0,0,0,0,0,0,0,0,0,0,0,0,0,0,0,0,0,0,0,0,0,0,0,0,0,0,0
ALM-10142,2026-01-20,-1.256403457312927,-0.8791166311013617,-1.0526478302987938,-0.9367171049337841,-0.6413446543446922,-0.9613239150165053,31680000.0,0,0,0,0,0,0,0,0,0,0,0,0,0,1,0,0,0,0,0,0,0,0,0,0,0,0,0,0,0,0,0,0,0,0,0,0,0,0,0,0,0,0,0,0,0,1
ALM-10633,2026-07-03,-1.256403457312927,-1.143240050842222,-1.0526478302987938,-0.3023802204127754,-0.7382478603682231,-1.4772609104541332,25170000.0,0,0,0,0,0,0,0,0,0,0,0,0,0,0,0,0,1,0,0,0,0,0,0,0,0,0,0,0,0,0,0,0,0,0,0,0,0,0,0,0,0,0,0,0,0,1
ALM-10849,2026-03-24,-1.256403457312927,-1.0451370663670454,-0.22634589753354759,-0.9367171049337841,-0.2537318302505689,0.41450807281717295,33720000.0,0,0,0,0,0,0,0,0,0,0,0,0,0,0,0,0,0,1,0,0,0,0,0,0,0,0,0,0,0,0,0,0,0,0,0,0,0,0,0,0,0,0,0,0,0,0
ALM-10022,2026-03-21,0.8746450706996342,0.5131911101040291,0.5999560352316987,1.4420462120199986,1.5389774811847514,1.2744030652132206,49100000.0,0,0,0,0,0,0,0,0,0,0,1,0,0,0,0,0,0,0,0,0,0,0,0,0,0,0,0,0,0,0,0,0,0,0,0,0,0,0,0,0,0,0,0,0,1,0
ALM-10271,2026-02-11,0.8746450706996342,0.6452528199744592,-0.6394968639161707,-0.3023802204127754,1.2967194661259243,-0.21608158827326163,46770000.0,0,0,0,0,0,0,0,0,0,0,0,0,0,0,0,0,0,0,0,0,0,0,0,0,0,1,0,0,0,0,0,0,0,0,0,0,0,0,0,0,0,0,0,0,1,0
ALM-10326,2026-04-28,-0.1908791933066464,0.21510896496791582,-0.43292138072485914,-0.9367171049337841,-1.319667096509408,-0.44538691957887466,72110000.0,0,0,0,0,0,0,0,0,0,0,0,0,0,0,0,0,0,1,0,0,0,0,0,0,0,0,0,0,0,0,0,0,0,0,0,0,0,0,0,0,0,0,0,0,0,0
ALM-11175,2026-08-24,-0.1908791933066464,-0.5168902268853253,3.9051637662926835,2.2349673176712592,1.1998162601023936,0.8157924026019945,24480000.0,0,0,0,0,0,0,0,0,0,0,0,0,0,0,0,0,0,0,0,0,0,0,0,1,0,0,0,0,0,0,0,0,0,0,0,0,0,0,0,0,0,0,0,0,1,0
ALM-10225,2026-01-15,-0.1908791933066464,-0.4489727760948182,0.18680506884907555,-0.3023802204127754,-1.0289574784388156,1.389055730866027,24600000.0,0,0,0,0,0,0,0,0,0,0,0,0,0,0,0,0,0,0,0,0,0,0,0,1,0,0,0,0,0,0,0,0,0,0,0,0,0,0,0,0,0,0,0,0,0,0
ALM-10905,2026-04-09,1.9401693347059146,1.7734371414389904,0.3933805520403871,0.17337244297798113,-0.495989845309396,-1.4772609104541332,89490000.0,0,0,0,0,0,0,0,0,0,0,0,0,0,0,0,0,0,0,0,0,1,0,0,0,0,0,0,0,0,0,0,0,0,0,0,0,0,0,0,0,0,0,0,0,0,1
ALM-10748,2026-06-25,3.0056935987121953,3.350631276462984,-0.8460723471074822,-0.3023802204127754,-1.319667096509408,-1.5345872432805379,58020000.0,0,0,0,0,0,0,0,0,0,0,0,0,0,0,0,0,0,0,0,0,0,0,0,1,0,0,0,0,0,0,0,0,0,0,0,0,0,0,0,0,0,0,0,0,0,1
ALM-10609,2026-07-19,-1.256403457312927,-0.890436206233113,-0.22634589753354759,-0.3023802204127754,-0.7382478603682231,-1.1333029134957138,16480000.0,0,0,0,0,0,0,0,0,0,0,1,0,0,0,0,0,0,0,0,0,0,0,0,0,0,0,0,0,0,0,0,0,0,0,0,0,0,0,0,0,0,0,0,0,0,1
ALM-10648,2026-01-11,1.9401693347059146,1.897952467888253,2.4591353839535026,2.2349673176712592,1.4420742751612206,1.159750399560414,62870000.0,0,0,0,0,0,0,0,0,0,0,0,0,0,0,0,0,0,0,0,0,0,0,0,1,0,0,0,0,0,0,0,0,0,0,0,0,0,0,0,0,0,0,0,0,1,0
ALM-11135,2026-08-20,1.9401693347059146,1.8904060844670854,-0.019770414342236024,0.17337244297798113,1.2967194661259243,0.9877714010812055,81460000.0,0,0,0,0,0,0,0,0,0,0,0,0,0,0,1,0,0,0,0,0,0,0,0,0,0,0,0,0,0,0,0,0,0,0,0,0,0,0,0,0,0,0,0,0,1,0
ALM-10831,2026-05-28,-0.1908791933066464,0.033995762859897305,-1.0526478302987938,-0.3023802204127754,-0.20528022723880351,-0.6746922508844877,32710000.0,0,0,0,0,0,0,1,0,0,0,0,0,0,0,0,0,0,0,0,0,0,0,0,0,0,0,0,0,0,0,0,0,0,0,0,0,0,0,0,0,0,0,0,0,0,1
ALM-10538,2026-01-29,-0.1908791933066464,-0.6149932113605017,-0.22634589753354759,-0.9367171049337841,0.5214938179376777,0.41450807281717295,28140000.0,0,0,0,0,0,0,0,0,0,0,0,0,0,0,1,0,0,0,0,0,0,0,0,0,0,0,0,0,0,0,0,0,0,0,0,0,0,0,0,0,0,0,0,0,0,0
ALM-10556,2026-01-31,-0.1908791933066464,-0.09806594701053276,-0.8460723471074822,-1.2538855471942885,0.27923580287885064,1.9623190591300597,67920000.0,0,0,0,0,0,0,0,0,0,0,0,0,0,0,0,0,0,0,0,0,0,0,0,0,0,0,0,0,0,0,0,0,0,0,1,0,0,0,0,0,0,0,0,0,0,0
ALM-10290,2026-08-24,-1.256403457312927,-1.079095791762299,-0.6394968639161707,-1.2538855471942885,-0.6413446543446922,2.3062770560884793,20470000.0,0,0,0,0,0,0,0,0,0,0,0,0,0,0,1,0,0,0,0,0,0,0,0,0,0,0,0,0,0,0,0,0,0,0,0,0,0,0,0,0,0,0,0,0,0,0
ALM-10603,2026-07-25,-0.1908791933066464,-0.3433234081984743,-0.8460723471074822,-0.3023802204127754,-0.495989845309396,-0.7893449165372942,27080000.0,0,0,0,0,0,0,0,0,0,0,0,0,0,0,0,0,0,0,0,0,0,0,0,0,0,0,0,0,0,1,0,0,0,0,0,0,0,0,0,0,0,0,0,0,0,1
ALM-11027,2026-01-19,-0.1908791933066464,-0.06788041332586287,-1.0526478302987938,-1.2538855471942885,-0.9805058754270501,2.076971724782866,36340000.0,0,0,0,0,0,0,0,0,0,0,1,0,0,0,0,0,0,0,0,0,0,0,0,0,0,0,0,0,0,0,0,0,0,0,0,0,0,0,0,0,0,0,0,0,0,0
ALM-10898,2026-08-30,0.8746450706996342,0.6075209028686219,-1.0526478302987938,-0.3023802204127754,-1.0289574784388156,-0.44538691957887466,84310000.0,0,0,0,0,0,0,0,0,0,0,0,0,0,0,0,0,0,0,0,0,1,0,0,0,0,0,0,0,0,0,0,0,0,0,0,0,0,0,0,0,0,0,0,0,0,1
ALM-10462,2026-01-09,-0.1908791933066464,0.2377481152314179,1.839408934379568,0.8077093274989898,1.490525878172986,0.643813404122786,78790000.0,0,0,0,0,0,0,0,0,0,0,0,0,0,0,0,0,0,1,0,0,0,0,0,0,0,0,0,0,0,0,0,0,0,0,0,0,0,0,0,0,0,0,0,0,1,0
ALM-10511,2026-04-25,-1.256403457312927,-1.2526626104491498,0.18680506884907555,0.17337244297798113,1.5874290841965168,0.07055007585875339,17480000.0,0,0,0,0,0,0,0,0,0,0,0,0,0,0,0,0,0,0,0,0,0,0,0,1,0,0,0,0,0,0,0,0,0,0,0,0,0,0,0,0,0,0,0,0,1,0
ALM-10772,2026-03-02,-0.1908791933066464,-0.33577702477730675,-1.0526478302987938,-0.9367171049337841,-0.059925418203507254,-1.1333029134957138,32740000.0,0,0,0,0,0,0,0,0,0,0,0,0,0,0,0,0,0,0,0,0,0,0,0,0,0,0,0,0,0,1,0,0,0,0,0,0,0,0,0,0,0,0,0,0,0,1
ALM-10378,2026-04-06,-1.256403457312927,-0.7772404549156016,-0.22634589753354759,-0.3023802204127754,-0.8836026694035193,-0.5600395852316812,22290000.0,0,1,0,0,0,0,0,0,0,0,0,0,0,0,0,0,0,0,0,0,0,0,0,0,0,0,0,0,0,0,0,0,0,0,0,0,0,0,0,0,0,0,0,0,0,1
ALM-10927,2026-06-06,0.8746450706996342,0.2830264157584226,2.872286350336126,1.4420462120199986,1.1998162601023936,0.5291607384699795,37700000.0,0,0,0,0,0,0,0,0,0,0,0,0,0,0,0,0,0,0,0,0,0,0,0,0,0,0,1,0,0,0,0,0,0,0,0,0,0,0,0,0,0,0,0,0,1,0
ALM-10400,2026-08-27,-1.256403457312927,-0.6338591699134203,-0.43292138072485914,0.8077093274989898,1.3936226721494551,0.5291607384699795,52820000.0,0,0,0,0,0,0,0,0,0,0,0,0,0,0,0,0,0,1,0,0,0,0,0,0,0,0,0,0,0,0,0,0,0,0,0,0,0,0,0,0,0,0,0,0,1,0
ALM-10384,2026-07-30,-0.1908791933066464,0.07550087167631823,-0.6394968639161707,0.17337244297798113,-0.9805058754270501,-1.3052819119749248,29050000.0,0,0,0,0,0,0,0,0,0,0,1,0,0,0,0,0,0,0,0,0,0,0,0,0,0,0,0,0,0,0,0,0,0,0,0,0,0,0,0,0,0,0,0,0,0,1
ALM-11110,2026-02-20,-1.256403457312927,-0.9130753564966154,0.8065315184230102,0.17337244297798113,-1.077409081450581,-0.44538691957887466,27640000.0,0,0,0,0,0,0,0,0,0,0,0,0,0,1,0,0,0,0,0,0,0,0,0,0,0,0,0,0,0,0,0,0,0,0,0,0,0,0,0,0,0,0,0,0,0,1
ALM-10985,2026-03-31,-0.1908791933066464,-0.5282098020170763,-0.8460723471074822,-0.3023802204127754,-0.7866994633799885,-0.9613239150165053,18340000.0,0,0,0,0,0,0,0,0,0,0,0,0,0,0,0,0,0,0,0,0,0,0,0,1,0,0,0,0,0,0,0,0,0,0,0,0,0,0,0,0,0,0,0,0,0,1
ALM-10519,2026-05-21,-0.1908791933066464,-0.5999004445181668,-0.8460723471074822,-0.9367171049337841,-0.011473815191741843,1.389055730866027,23760000.0,0,0,0,0,0,0,0,0,0,0,0,0,0,0,0,0,0,0,0,0,0,0,0,0,0,0,1,0,0,0,0,0,0,0,0,0,0,0,0,0,0,0,0,0,0,0
ALM-11162,2026-01-19,-0.1908791933066464,0.41508812562885267,-0.22634589753354759,0.17337244297798113,0.909106642031801,1.102424066734012,42980000.0,0,0,0,0,0,0,0,0,0,0,0,0,0,0,0,0,0,0,0,0,0,0,0,0,0,0,0,0,0,0,0,0,0,0,0,0,0,0,0,0,0,0,0,0,1,0
ALM-10013,2026-08-08,0.8746450706996342,1.2225511516937682,-0.22634589753354759,0.17337244297798113,-0.20528022723880351,-1.3626082448013268,68640000.0,0,0,0,0,0,0,0,0,0,0,0,0,0,0,0,0,1,0,0,0,0,0,0,0,0,0,0,0,0,0,0,0,0,0,0,0,0,0,0,0,0,0,0,0,0,1
ALM-10237,2026-02-25,-1.256403457312927,-0.6414055533345878,-0.019770414342236024,0.8077093274989898,1.5389774811847514,0.013223743032348861,46460000.0,0,0,0,0,0,0,0,0,0,0,0,0,0,0,0,0,0,0,0,0,0,0,0,0,0,0,0,0,0,0,0,0,0,0,0,0,0,0,0,1,0,0,0,0,1,0
ALM-10011,2026-02-15,-0.1908791933066464,-0.5772612942546645,-0.22634589753354759,-0.3023802204127754,1.3451710691376897,0.5291607384699795,30260000.0,0,0,0,0,0,0,0,0,0,0,0,0,0,0,0,0,0,0,0,0,0,0,0,0,0,0,1,0,0,0,0,0,0,0,0,0,0,0,0,0,0,0,0,0,1,0
ALM-10171,2026-01-15,-1.256403457312927,-0.8451579057061084,-0.6394968639161707,-0.3023802204127754,-1.319667096509408,2.4209297217412855,45690000.0,0,0,0,0,0,0,0,0,0,0,0,0,0,0,0,0,0,0,0,0,1,0,0,0,0,0,0,0,0,0,0,0,0,0,0,0,0,0,0,0,0,0,0,0,0,0
ALM-10128,2026-05-22,1.9401693347059146,2.1205707788126924,-1.0526478302987938,-0.9367171049337841,-1.319667096509408,-1.0759765806693118,71050000.0,0,0,0,0,0,0,0,0,0,0,0,0,0,0,0,0,0,0,0,0,0,0,0,0,0,0,0,0,0,1,0,0,0,0,0,0,0,0,0,0,0,0,0,0,0,1
ALM-10483,2026-07-18,-0.1908791933066464,-0.27540595740796725,1.839408934379568,1.4420462120199986,0.666848626972974,0.873118735428399,68840000.0,0,0,0,0,0,0,0,0,0,0,0,0,0,0,0,0,0,1,0,0,0,0,0,0,0,0,0,0,0,0,0,0,0,0,0,0,0,0,0,0,0,0,0,0,1,0
ALM-10479,2026-03-05,0.8746450706996342,1.0678502915598354,0.8065315184230102,0.8077093274989898,0.7637518329965048,-0.21608158827326163,100750000.0,0,0,0,0,0,0,0,0,0,0,0,0,0,1,0,0,0,0,0,0,0,0,0,0,0,0,0,0,0,0,0,0,0,0,0,0,0,0,0,0,0,0,0,0,1,0
ALM-10629,2026-03-28,0.8746450706996342,0.24529449865258546,0.3933805520403871,0.8077093274989898,0.9575582450435665,1.0450977339076075,86560000.0,0,0,0,0,0,0,0,0,0,0,0,0,0,0,0,0,0,0,0,0,1,0,0,0,0,0,0,0,0,0,0,0,0,0,0,0,0,0,0,0,0,0,0,0,1,0
ALM-10166,2026-07-07,1.9401693347059146,2.0224677943375156,1.2196824848056333,0.8077093274989898,0.909106642031801,0.930445068254801,78630000.0,0,0,0,0,0,0,0,0,0,0,0,0,0,0,0,0,0,0,0,0,0,0,0,0,0,0,0,0,1,0,0,0,0,0,0,0,0,0,0,0,0,0,0,0,1,0
ALM-10446,2026-06-17,0.8746450706996342,0.45659323444527333,-0.22634589753354759,0.17337244297798113,-0.7866994633799885,-0.7893449165372942,57870000.0,0,0,1,0,0,0,0,0,0,0,0,0,0,0,0,0,0,0,0,0,0,0,0,0,0,0,0,0,0,0,0,0,0,0,0,0,0,0,0,0,0,0,0,0,0,1
ALM-10874,2026-02-17,-0.1908791933066464,0.09436683022923681,-0.8460723471074822,-0.3023802204127754,-1.319667096509408,0.2998554071643664,40970000.0,0,0,0,0,0,0,0,0,0,0,0,0,0,0,1,0,0,0,0,0,0,0,0,0,0,0,0,0,0,0,0,0,0,0,0,0,0,0,0,0,0,0,0,0,0,0
ALM-10132,2026-02-20,-0.1908791933066464,-0.1961689314857094,-1.0526478302987938,-0.3023802204127754,1.4420742751612206,0.873118735428399,27960000.0,0,0,0,0,0,0,0,0,0,0,0,0,0,0,0,0,0,0,0,0,0,0,0,1,0,0,0,0,0,0,0,0,0,0,0,0,0,0,0,0,0,0,0,0,1,0
ALM-10840,2026-06-28,-1.256403457312927,-0.9659000404447874,-1.0526478302987938,-1.2538855471942885,-1.2227638904858773,0.873118735428399,24350000.0,0,0,0,0,0,0,0,0,0,0,0,0,0,0,0,0,0,0,0,0,0,0,0,0,0,0,0,0,0,1,0,0,0,0,0,0,0,0,0,0,0,0,0,0,0,0
ALM-10453,2026-07-02,-1.256403457312927,-0.8338383305743573,0.18680506884907555,0.17337244297798113,0.7153002299847394,-0.044102589794053126,24680000.0,0,0,0,0,0,0,0,0,0,0,0,0,0,0,0,0,0,0,0,0,0,0,0,0,0,0,0,0,0,0,0,0,0,0,0,0,1,0,0,0,0,0,0,0,1,0
ALM-10608,2026-05-11,-0.1908791933066464,-0.06788041332586287,-0.019770414342236024,1.4420462120199986,0.8606550390200356,0.1852027415115599,67870000.0,0,0,0,0,0,0,0,0,0,0,0,0,0,0,0,0,0,0,0,0,1,0,0,0,0,0,0,0,0,0,0,0,0,0,0,0,0,0,0,0,0,0,0,0,1,0
ALM-10922,2026-03-28,0.8746450706996342,0.622613669710957,-0.019770414342236024,-0.3023802204127754,-0.35063503627409975,-1.0186502478429071,57380000.0,0,0,0,0,0,0,0,0,0,0,0,0,0,0,0,0,0,1,0,0,0,0,0,0,0,0,0,0,0,0,0,0,0,0,0,0,0,0,0,0,0,0,0,0,0,1
ALM-10640,2026-06-04,0.8746450706996342,0.6678919702379618,0.18680506884907555,-0.3023802204127754,0.7637518329965048,0.643813404122786,62990000.0,0,0,0,0,0,0,0,0,0,0,0,0,0,0,0,0,0,0,0,0,0,0,0,0,0,0,0,0,0,1,0,0,0,0,0,0,0,0,0,0,0,0,0,0,1,0
ALM-10048,2026-03-10,-0.1908791933066464,-0.09429275529994899,0.5999560352316987,2.2349673176712592,0.8122034360082702,0.2998554071643664,43240000.0,0,0,0,0,0,0,0,0,0,0,0,0,0,0,0,0,0,0,0,0,0,0,0,0,0,0,0,0,0,1,0,0,0,0,0,0,0,0,0,0,0,0,0,0,1,0
ALM-10421,2026-05-10,0.8746450706996342,0.5924281360262874,-0.6394968639161707,0.8077093274989898,0.666848626972974,0.701139736949188,56500000.0,0,0,0,0,0,0,0,0,0,0,0,0,0,0,1,0,0,0,0,0,0,0,0,0,0,0,0,0,0,0,0,0,0,0,0,0,0,0,0,0,0,0,0,0,1,0
ALM-10442,2026-04-26,0.8746450706996342,0.32075833286425975,-0.8460723471074822,-0.3023802204127754,1.4420742751612206,0.5291607384699795,48140000.0,0,0,0,0,0,0,1,0,0,0,0,0,0,0,0,0,0,0,0,0,0,0,0,0,0,0,0,0,0,0,0,0,0,0,0,0,0,0,0,0,0,0,0,0,1,0
ALM-11143,2026-04-05,-1.256403457312927,-1.0941885586046336,1.2196824848056333,0.17337244297798113,0.036977787820023575,-1.1333029134957138,20360000.0,0,0,0,0,0,0,0,0,0,0,0,0,0,0,1,0,0,0,0,0,0,0,0,0,0,0,0,0,0,0,0,0,0,0,0,0,0,0,0,0,0,0,0,0,0,1
ALM-10457,2026-02-16,-1.256403457312927,-1.2866213358444032,-0.6394968639161707,0.17337244297798113,-0.8836026694035193,-1.3052819119749248,30560000.0,0,0,0,0,0,0,0,0,0,0,0,0,0,0,0,0,0,0,0,0,1,0,0,0,0,0,0,0,0,0,0,0,0,0,0,0,0,0,0,0,0,0,0,0,0,1
ALM-11007,2026-04-18,-1.256403457312927,-0.7395085378097644,-0.019770414342236024,0.17337244297798113,-0.7866994633799885,-1.4772609104541332,31370000.0,0,0,0,0,0,0,0,0,0,0,0,0,0,1,0,0,0,0,0,0,0,0,0,0,0,0,0,0,0,0,0,0,0,0,0,0,0,0,0,0,0,0,0,0,0,1
ALM-10617,2026-05-07,-1.256403457312927,-0.7470549212309318,-0.43292138072485914,-1.0953013260640363,-1.3681186995211734,0.2998554071643664,20680000.0,0,0,0,0,0,0,0,0,0,0,0,0,0,0,0,0,0,0,0,0,0,0,0,0,0,0,0,0,0,0,0,0,0,0,0,0,0,0,0,0,0,0,1,0,0,0
ALM-10134,2026-02-08,-0.1908791933066464,-0.0754267967470304,-0.22634589753354759,-0.9367171049337841,-0.10837702121527268,-1.4199345776277312,45600000.0,0,0,0,0,0,0,0,0,0,0,0,0,0,0,0,0,0,0,0,0,1,0,0,0,0,0,0,0,0,0,0,0,0,0,0,0,0,0,0,0,0,0,0,0,0,1
ALM-10083,2026-04-27,-0.1908791933066464,-0.03392168793060948,1.2196824848056333,0.17337244297798113,1.3936226721494551,0.07055007585875339,28990000.0,0,0,0,0,0,0,0,0,0,0,0,0,0,0,0,0,0,0,0,0,0,0,1,0,0,0,0,0,0,0,0,0,0,0,0,0,0,0,0,0,0,0,0,0,1,0
ALM-10151,2026-02-04,0.8746450706996342,0.9320153899788218,0.5999560352316987,0.8077093274989898,1.3451710691376897,-0.21608158827326163,50250000.0,0,0,0,0,0,0,0,0,0,0,0,0,0,0,0,0,0,0,0,0,0,0,0,0,0,0,1,0,0,0,0,0,0,0,0,0,0,0,0,0,0,0,0,0,1,0
ALM-10647,2026-07-08,-1.256403457312927,-0.7961064134685202,-0.43292138072485914,-0.9367171049337841,-0.5444414483211614,-0.6173659180580857,23530000.0,0,0,0,0,0,0,0,0,0,0,0,0,0,0,1,0,0,0,0,0,0,0,0,0,0,0,0,0,0,0,0,0,0,0,0,0,0,0,0,0,0,0,0,0,0,1
ALM-10947,2026-04-30,0.8746450706996342,0.5735621774733688,-0.019770414342236024,-0.3023802204127754,0.23078419986708523,0.930445068254801,52270000.0,0,0,0,0,0,0,0,0,0,0,0,0,0,0,0,0,0,0,0,0,0,0,0,0,0,0,0,0,0,1,0,0,0,0,0,0,0,0,0,0,0,0,0,0,0,0
ALM-10489,2026-01-19,-1.256403457312927,-1.0338174912352942,-0.43292138072485914,-0.9367171049337841,0.6183970239612085,2.1916243904356727,33030000.0,0,0,0,0,0,0,0,0,0,0,0,0,0,1,0,0,0,0,0,0,0,0,0,0,0,0,0,0,0,0,0,0,0,0,0,0,0,0,0,0,0,0,0,0,0,0
ALM-10327,2026-04-10,-1.256403457312927,-0.7470549212309318,0.8065315184230102,0.17337244297798113,1.248267863114159,1.2744030652132206,32550000.0,0,0,0,0,0,0,0,0,0,0,0,0,0,0,1,0,0,0,0,0,0,0,0,0,0,0,0,0,0,0,0,0,0,0,0,0,0,0,0,0,0,0,0,0,1,0
ALM-10901,2026-04-17,0.8746450706996342,0.8716443226094821,-0.8460723471074822,-0.9367171049337841,-0.5444414483211614,-1.3052819119749248,38420000.0,0,0,0,0,0,0,0,0,0,0,0,0,0,0,0,0,0,0,0,0,0,0,0,0,0,0,0,0,0,0,0,0,0,0,0,0,0,0,0,0,0,0,1,0,0,1
ALM-10685,2026-04-04,-0.1908791933066464,-0.3772821335937277,-0.6394968639161707,-0.9367171049337841,-0.8836026694035193,0.2998554071643664,48860000.0,0,0,0,0,0,0,0,0,0,0,0,0,0,0,0,0,0,1,0,0,0,0,0,0,0,0,0,0,0,0,0,0,0,0,0,0,0,0,0,0,0,0,0,0,0,0
ALM-10414,2026-03-15,0.8746450706996342,0.5811085608945363,-0.019770414342236024,-0.3023802204127754,-1.3681186995211734,-0.7320185837108922,61650000.0,0,0,0,0,0,0,0,0,0,0,0,0,0,1,0,0,0,0,0,0,0,0,0,0,0,0,0,0,0,0,0,0,0,0,0,0,0,0,0,0,0,0,0,0,0,1
ALM-11069,2026-08-08,-0.1908791933066464,0.045315337991648615,0.18680506884907555,-0.3023802204127754,-1.319667096509408,-1.3626082448013268,53370000.0,0,0,0,0,0,0,0,0,0,0,0,0,0,0,0,0,0,0,0,0,0,0,0,0,0,0,0,0,0,0,0,0,0,0,1,0,0,0,0,0,0,0,0,0,0,1
ALM-10097,2026-05-18,-0.1908791933066464,-0.04146807135177701,-0.43292138072485914,-0.3023802204127754,-0.15682862422703808,-0.6746922508844877,39190000.0,0,0,0,0,0,0,0,0,0,0,0,0,0,0,1,0,0,0,0,0,0,0,0,0,0,0,0,0,0,0,0,0,0,0,0,0,0,0,0,0,0,0,0,0,0,1
ALM-11042,2026-05-17,-0.1908791933066464,-0.10561233043170003,0.3933805520403871,0.17337244297798113,-0.6897962573564577,-0.5600395852316812,45250000.0,0,0,0,0,0,0,0,0,0,0,0,0,0,1,0,0,0,0,0,0,0,0,0,0,0,0,0,0,0,0,0,0,0,0,0,0,0,0,0,0,0,0,0,0,0,1
ALM-10201,2026-03-14,0.8746450706996342,0.32075833286425975,-1.0526478302987938,0.17337244297798113,1.5389774811847514,0.8157924026019945,77740000.0,0,0,0,0,0,0,0,0,0,0,0,0,0,0,0,0,0,0,0,0,1,0,0,0,0,0,0,0,0,0,0,0,0,0,0,0,0,0,0,0,0,0,0,0,1,0
ALM-10512,2026-07-10,-1.256403457312927,-1.048910258077629,2.0459844175708795,0.8077093274989898,0.909106642031801,0.701139736949188,18370000.0,0,0,0,0,0,0,0,0,0,0,0,0,0,0,0,0,0,0,0,0,0,0,0,1,0,0,0,0,0,0,0,0,0,0,0,0,0,0,0,0,0,0,0,0,1,0
ALM-10498,2026-07-23,-0.1908791933066464,-0.5433025688594111,-0.6394968639161707,0.8077093274989898,0.7153002299847394,0.8157924026019945,31120000.0,0,0,0,0,0,0,0,0,0,0,0,0,0,0,0,0,0,0,0,0,0,0,0,0,0,0,1,0,0,0,0,0,0,0,0,0,0,0,0,0,0,0,0,0,1,0
ALM-10117,2026-04-21,-0.1908791933066464,-0.13202467240578614,0.18680506884907555,-0.3023802204127754,-1.0289574784388156,-0.5600395852316812,32150000.0,0,0,0,0,0,0,0,0,0,0,0,0,0,0,0,0,0,0,0,0,0,0,0,0,0,0,1,0,0,0,0,0,0,0,0,0,0,0,0,0,0,0,0,0,0,1
ALM-10855,2026-05-18,0.8746450706996342,0.7018506956332149,1.0131070016143218,0.17337244297798113,-0.2537318302505689,-1.0186502478429071,44130000.0,0,0,0,0,0,0,0,0,0,0,0,0,0,0,0,0,0,0,0,0,0,0,0,0,0,0,0,0,0,1,0,0,0,0,0,0,0,0,0,0,0,0,0,0,0,1
ALM-10119,2026-01-01,-0.1908791933066464,-0.43388000925248343,-0.22634589753354759,-0.9367171049337841,-1.2227638904858773,0.873118735428399,52620000.0,0,0,0,0,0,0,0,0,0,0,0,0,0,0,0,0,0,0,0,0,0,0,0,0,0,0,0,0,0,0,0,0,0,0,1,0,0,0,0,0,0,0,0,0,0,0
ALM-10475,2026-08-27,-0.1908791933066464,-0.08297318016819795,-0.6394968639161707,-1.2538855471942885,0.32768740589061607,0.12787640868515537,35460000.0,0,0,0,0,0,0,0,0,0,0,0,0,0,0,0,0,0,0,0,0,0,0,0,0,0,0,0,0,0,1,0,0,0,0,0,0,0,0,0,0,0,0,0,0,0,0
ALM-10109,2026-06-07,-0.1908791933066464,-0.5885808693864159,1.0131070016143218,0.17337244297798113,1.5389774811847514,1.102424066734012,25380000.0,0,0,0,0,0,0,0,0,0,0,1,0,0,0,0,0,0,0,0,0,0,0,0,0,0,0,0,0,0,0,0,0,0,0,0,0,0,0,0,0,0,0,0,0,1,0
ALM-10049,2026-05-16,-1.256403457312927,-1.0187247243929594,0.8065315184230102,0.17337244297798113,-1.3681186995211734,-0.6173659180580857,14770000.0,0,0,0,0,0,0,0,0,0,0,0,0,0,0,0,0,0,0,0,0,0,0,0,0,0,0,1,0,0,0,0,0,0,0,0,0,0,0,0,0,0,0,0,0,0,1
ALM-10485,2026-07-05,0.8746450706996342,0.9622009236634914,0.5999560352316987,-0.3023802204127754,-0.3021834332623343,-1.4772609104541332,49940000.0,0,0,0,0,0,0,0,0,0,0,0,0,0,0,1,0,0,0,0,0,0,0,0,0,0,0,0,0,0,0,0,0,0,0,0,0,0,0,0,0,0,0,0,0,0,1
ALM-10393,2026-01-09,-0.1908791933066464,0.011356612596394955,-0.019770414342236024,0.17337244297798113,-0.7866994633799885,-1.2479555791485202,29470000.0,0,0,0,0,0,0,0,0,0,0,0,0,0,0,0,0,0,0,0,0,0,0,0,1,0,0,0,0,0,0,0,0,0,0,0,0,0,0,0,0,0,0,0,0,0,1
ALM-10230,2026-06-04,0.8746450706996342,1.1546337009032608,-0.019770414342236024,-0.3023802204127754,-0.10837702121527268,-0.6746922508844877,72280000.0,0,0,0,0,0,0,0,0,0,0,0,0,0,1,0,0,0,0,0,0,0,0,0,0,0,0,0,0,0,0,0,0,0,0,0,0,0,0,0,0,0,0,0,0,0,1
ALM-10968,2026-05-26,-1.256403457312927,-0.8715702476801945,0.18680506884907555,0.17337244297798113,-1.0289574784388156,-0.44538691957887466,23880000.0,0,0,0,0,0,0,0,0,0,0,0,0,0,0,0,0,0,0,0,0,0,0,0,0,0,0,0,0,0,1,0,0,0,0,0,0,0,0,0,0,0,0,0,0,0,1
ALM-10300,2026-08-22,-1.256403457312927,-0.9621268487342036,-0.6394968639161707,-1.0953013260640363,-1.1258606844623464,2.1342980576092683,36250000.0,0,0,0,0,0,0,0,0,0,0,0,0,0,0,0,0,0,1,0,0,0,0,0,0,0,0,0,0,0,0,0,0,0,0,0,0,0,0,0,0,0,0,0,0,0,0
ALM-10584,2026-04-29,-1.256403457312927,-0.7130961958356783,-1.0526478302987938,-0.9367171049337841,-0.5928930513329268,-1.4199345776277312,26870000.0,0,0,0,0,0,0,0,0,0,0,0,0,0,0,1,0,0,0,0,0,0,0,0,0,0,0,0,0,0,0,0,0,0,0,0,0,0,0,0,0,0,0,0,0,0,1
ALM-10085,2026-04-22,-0.1908791933066464,-0.38482851701489523,0.8065315184230102,1.4420462120199986,0.7637518329965048,-0.33073425392606814,26300000.0,0,0,0,0,0,0,0,1,0,0,0,0,0,0,0,0,0,0,0,0,0,0,0,0,0,0,0,0,0,0,0,0,0,0,0,0,0,0,0,0,0,0,0,0,1,0
ALM-11132,2026-06-29,-1.256403457312927,-1.1507864342633893,0.18680506884907555,2.2349673176712592,1.248267863114159,0.930445068254801,37430000.0,0,0,0,0,0,0,0,0,0,0,0,0,0,0,0,0,0,0,0,0,1,0,0,0,0,0,0,0,0,0,0,0,0,0,0,0,0,0,0,0,0,0,0,0,1,0
ALM-10728,2026-02-15,1.9401693347059146,1.3961179703806188,-1.0526478302987938,-0.9367171049337841,-0.7866994633799885,0.701139736949188,96240000.0,0,0,0,0,0,0,0,0,0,0,0,0,0,0,0,0,0,0,0,0,0,0,0,0,0,0,0,0,0,0,0,0,0,0,1,0,0,0,0,0,0,0,0,0,0,0
ALM-10722,2026-02-12,1.9401693347059146,1.682880540384981,-0.43292138072485914,-0.3023802204127754,-0.15682862422703808,-0.9039975821901007,46670000.0,0,0,0,0,0,0,0,0,0,0,0,0,0,0,0,0,0,0,0,0,0,0,0,1,0,0,0,0,0,0,0,0,0,0,0,0,0,0,0,0,0,0,0,0,0,1
ALM-10508,2026-03-15,-0.1908791933066464,-0.1207050972740351,-0.6394968639161707,-1.2538855471942885,-1.561925111568235,-0.21608158827326163,54570000.0,0,0,0,0,0,0,0,0,0,0,0,0,0,1,0,0,0,0,0,0,0,0,0,0,0,0,0,0,0,0,0,0,0,0,0,0,0,0,0,0,0,0,0,0,0,0
ALM-10635,2026-06-14,-0.1908791933066464,-0.16598339780103952,-0.019770414342236024,-0.3023802204127754,-0.8351510663917538,-0.5027132524052792,31200000.0,0,0,0,0,0,0,0,0,0,0,0,0,0,0,1,0,0,0,0,0,0,0,0,0,0,0,0,0,0,0,0,0,0,0,0,0,0,0,0,0,0,0,0,0,0,1
ALM-10416,2026-08-10,1.9401693347059146,0.9508813485317404,-1.0526478302987938,-0.3023802204127754,-0.2537318302505689,-1.5345872432805379,66160000.0,0,0,0,0,0,0,0,0,0,0,0,0,0,0,0,0,0,1,0,0,0,0,0,0,0,0,0,0,0,0,0,0,0,0,0,0,0,0,0,0,0,0,0,0,0,1
ALM-10361,2026-01-29,-1.256403457312927,-0.9659000404447874,-0.8460723471074822,1.4420462120199986,0.8122034360082702,0.1852027415115599,21150000.0,0,0,0,0,0,0,0,0,0,0,0,0,0,0,0,0,0,0,0,0,0,0,0,0,1,0,0,0,0,0,0,0,0,0,0,0,0,0,0,0,0,0,0,0,1,0
ALM-11049,2026-06-26,-1.256403457312927,-0.769694071494434,1.0131070016143218,0.17337244297798113,-1.2227638904858773,-0.5027132524052792,42120000.0,0,0,0,0,0,0,0,0,0,0,0,0,0,0,0,0,0,0,0,0,1,0,0,0,0,0,0,0,0,0,0,0,0,0,0,0,0,0,0,0,0,0,0,0,0,1
ALM-10140,2026-01-07,0.8746450706996342,-0.10561233043170003,0.5999560352316987,-0.3023802204127754,-0.9320542724152847,-1.3052819119749248,25300000.0,0,0,0,0,0,0,0,0,0,0,0,0,0,0,0,0,0,0,0,0,0,0,0,0,0,0,1,0,0,0,0,0,0,0,0,0,0,0,0,0,0,0,0,0,0,1
ALM-10887,2026-05-19,-1.256403457312927,-0.7734672632050178,1.426257967996945,0.8077093274989898,1.3451710691376897,0.930445068254801,38310000.0,0,0,0,0,0,0,0,0,0,0,0,0,0,0,0,0,0,1,0,0,0,0,0,0,0,0,0,0,0,0,0,0,0,0,0,0,0,0,0,0,0,0,0,0,1,0
ALM-11103,2026-04-04,-1.256403457312927,-0.7130961958356783,0.5999560352316987,0.17337244297798113,-1.1743122874741119,-1.1906292463221182,40050000.0,0,0,0,0,0,0,0,0,0,0,0,0,0,0,0,0,0,0,0,0,1,0,0,0,0,0,0,0,0,0,0,0,0,0,0,0,0,0,0,0,0,0,0,0,0,1
ALM-10527,2026-03-17,-1.256403457312927,-1.0149515326823757,-0.019770414342236024,-0.3023802204127754,0.7637518329965048,0.2425290743379619,19490000.0,0,0,0,0,0,0,0,0,0,0,0,0,0,0,0,0,0,0,0,0,0,0,1,0,0,0,0,0,0,0,0,0,0,0,0,0,0,0,0,0,0,0,0,0,1,0
ALM-10805,2026-03-03,1.9401693347059146,1.0678502915598354,-0.6394968639161707,0.17337244297798113,-1.2712154934976427,-1.0186502478429071,57490000.0,0,0,0,0,0,0,0,0,0,0,0,0,0,0,0,0,0,0,0,0,0,0,0,0,0,0,0,0,0,1,0,0,0,0,0,0,0,0,0,0,0,0,0,0,0,1
ALM-10206,2026-07-17,-0.1908791933066464,-0.573488102544081,-1.0526478302987938,0.17337244297798113,-1.0289574784388156,-0.9039975821901007,36060000.0,0,0,0,0,0,0,0,0,0,0,0,0,0,1,0,0,0,0,0,0,0,0,0,0,0,0,0,0,0,0,0,0,0,0,0,0,0,0,0,0,0,0,0,0,0,1
ALM-11157,2026-06-02,-1.256403457312927,-0.44519958438423446,-1.0526478302987938,2.2349673176712592,1.2967194661259243,-0.044102589794053126,36930000.0,0,0,0,0,0,0,0,0,0,0,0,0,0,0,0,0,0,0,0,0,0,0,0,0,0,0,0,0,1,0,0,0,0,0,0,0,0,0,0,0,0,0,0,0,1,0
ALM-11155,2026-03-20,0.8746450706996342,0.36980982510184796,0.18680506884907555,0.8077093274989898,0.8122034360082702,0.873118735428399,54240000.0,0,0,0,0,0,0,0,0,0,0,0,0,0,0,1,0,0,0,0,0,0,0,0,0,0,0,0,0,0,0,0,0,0,0,0,0,0,0,0,0,0,0,0,0,1,0
ALM-10340,2026-05-25,-0.1908791933066464,-0.07165360503644663,-0.6394968639161707,-0.9367171049337841,-0.9805058754270501,-0.7320185837108922,24950000.0,0,0,0,0,0,0,0,0,0,0,1,0,0,0,0,0,0,0,0,0,0,0,0,0,0,0,0,0,0,0,0,0,0,0,0,0,0,0,0,0,0,0,0,0,0,1
ALM-10429,2026-03-16,-0.1908791933066464,-0.11693190556345133,-0.6394968639161707,-0.3023802204127754,-1.2712154934976427,0.643813404122786,54740000.0,0,0,0,0,0,0,0,0,0,0,0,0,0,1,0,0,0,0,0,0,0,0,0,0,0,0,0,0,0,0,0,0,0,0,0,0,0,0,0,0,0,0,0,0,0,0
ALM-10427,2026-08-08,-0.1908791933066464,-0.3923749004360625,0.3933805520403871,1.4420462120199986,0.8606550390200356,0.2425290743379619,59050000.0,0,0,0,0,0,0,0,0,0,0,0,0,0,0,0,0,0,0,0,0,1,0,0,0,0,0,0,0,0,0,0,0,0,0,0,0,0,0,0,0,0,0,0,0,1,0
ALM-10880,2026-08-13,0.8746450706996342,0.7471289961602195,-0.6394968639161707,-1.0953013260640363,-0.10837702121527268,2.1916243904356727,46690000.0,0,0,0,0,0,0,0,0,0,0,0,0,0,0,0,0,0,0,0,0,0,0,0,0,0,0,1,0,0,0,0,0,0,0,0,0,0,0,0,0,0,0,0,0,0,0
ALM-10824,2026-01-16,0.8746450706996342,-0.030148496220025706,0.8065315184230102,0.17337244297798113,-0.3021834332623343,-0.9039975821901007,30490000.0,0,0,0,0,0,0,0,0,0,0,0,0,0,0,0,0,0,0,0,0,0,0,0,0,0,0,1,0,0,0,0,0,0,0,0,0,0,0,0,0,0,0,0,0,0,1
ALM-10194,2026-04-10,-0.1908791933066464,-0.3659625584619766,-0.22634589753354759,-0.9367171049337841,-0.9805058754270501,-0.6746922508844877,43440000.0,0,0,0,0,0,0,0,0,0,0,0,0,0,0,0,0,0,0,0,0,1,0,0,0,0,0,0,0,0,0,0,0,0,0,0,0,0,0,0,0,0,0,0,0,0,1
ALM-10402,2026-05-12,-0.1908791933066464,-0.5470757605699949,-0.43292138072485914,-0.3023802204127754,-0.3990866392858652,-1.2479555791485202,23940000.0,0,0,0,0,0,0,0,0,0,0,0,0,0,0,0,0,0,0,0,0,0,0,0,0,0,0,0,0,0,1,0,0,0,0,0,0,0,0,0,0,0,0,0,0,0,1
ALM-10794,2026-02-11,1.9401693347059146,0.6641187785273777,-0.6394968639161707,-1.2538855471942885,0.6183970239612085,0.013223743032348861,40680000.0,0,0,0,0,0,0,0,0,0,0,0,0,0,0,0,0,0,0,0,0,0,0,0,0,0,0,1,0,0,0,0,0,0,0,0,0,0,0,0,0,0,0,0,0,0,0
ALM-10852,2026-08-27,0.8746450706996342,0.71694346247555,-0.6394968639161707,-1.2538855471942885,0.3761390089023815,2.3062770560884793,43290000.0,0,0,0,0,0,0,0,0,0,0,0,0,0,0,0,0,0,0,0,0,0,0,0,1,0,0,0,0,0,0,0,0,0,0,0,0,0,0,0,0,0,0,0,0,0,0
ALM-10458,2026-05-20,-0.1908791933066464,-0.04524126306236079,-0.8460723471074822,-0.3023802204127754,-0.8351510663917538,0.7584660697755925,45330000.0,0,0,0,0,0,0,0,0,0,0,0,0,0,0,0,0,0,0,0,0,0,0,0,0,0,0,0,0,0,0,0,0,1,0,0,0,0,0,0,0,0,0,0,0,0,0
ALM-10930,2026-01-30,-1.256403457312927,-0.6112200196499181,-0.43292138072485914,-0.9367171049337841,-0.9805058754270501,-0.8466712493636988,45000000.0,0,0,0,0,0,0,0,0,0,0,0,0,0,0,0,0,0,0,0,0,1,0,0,0,0,0,0,0,0,0,0,0,0,0,0,0,0,0,0,0,0,0,0,0,0,1
ALM-11119,2026-05-28,0.8746450706996342,0.6641187785273777,-0.6394968639161707,-0.3023802204127754,-0.3021834332623343,0.5864870712963814,85320000.0,0,0,0,0,0,0,0,0,0,0,0,0,0,0,0,0,0,0,0,0,1,0,0,0,0,0,0,0,0,0,0,0,0,0,0,0,0,0,0,0,0,0,0,0,0,0
ALM-10705,2026-07-11,-1.256403457312927,-1.116827708868136,0.18680506884907555,0.17337244297798113,1.1513646570906282,0.9877714010812055,23030000.0,0,0,0,0,0,0,0,0,0,0,0,0,0,0,1,0,0,0,0,0,0,0,0,0,0,0,0,0,0,0,0,0,0,0,0,0,0,0,0,0,0,0,0,0,1,0
ALM-10404,2026-06-27,-0.1908791933066464,-0.6338591699134203,-0.019770414342236024,0.8077093274989898,1.5389774811847514,0.5864870712963814,24540000.0,0,0,0,0,0,0,0,0,0,0,1,0,0,0,0,0,0,0,0,0,0,0,0,0,0,0,0,0,0,0,0,0,0,0,0,0,0,0,0,0,0,0,0,0,1,0
ALM-10583,2026-05-10,1.9401693347059146,1.8111690585448275,1.2196824848056333,0.17337244297798113,-1.1258606844623464,-0.5600395852316812,44880000.0,0,0,0,0,0,0,0,0,0,0,0,0,0,0,0,0,0,0,0,0,0,0,0,1,0,0,0,0,0,0,0,0,0,0,0,0,0,0,0,0,0,0,0,0,0,1
ALM-10492,2026-05-13,-1.256403457312927,-1.0715494083411314,-0.8460723471074822,-0.3023802204127754,-0.495989845309396,-1.5919135761069398,24800000.0,0,0,0,0,0,0,0,0,0,0,0,0,0,1,0,0,0,0,0,0,0,0,0,0,0,0,0,0,0,0,0,0,0,0,0,0,0,0,0,0,0,0,0,0,0,1
ALM-10997,2026-05-30,-0.1908791933066464,-0.10183913872111652,-0.8460723471074822,-0.3023802204127754,0.8606550390200356,0.3571817399907684,69640000.0,0,0,0,0,0,0,0,0,0,0,0,0,0,0,0,0,0,0,0,0,1,0,0,0,0,0,0,0,0,0,0,0,0,0,0,0,0,0,0,0,0,0,0,0,1,0
ALM-10800,2026-02-23,-0.1908791933066464,-0.2678595739868,-0.6394968639161707,-0.3023802204127754,-1.2227638904858773,-0.6173659180580857,22750000.0,0,0,0,0,0,0,0,0,0,0,1,0,0,0,0,0,0,0,0,0,0,0,0,0,0,0,0,0,0,0,0,0,0,0,0,0,0,0,0,0,0,0,0,0,0,1
ALM-11174,2026-04-29,-1.256403457312927,-0.9357145067601175,-0.8460723471074822,-1.2538855471942885,-0.059925418203507254,0.07055007585875339,25440000.0,0,0,0,0,0,0,0,0,0,0,0,0,0,0,1,0,0,0,0,0,0,0,0,0,0,0,0,0,0,0,0,0,0,0,0,0,0,0,0,0,0,0,0,0,0,0
ALM-10657,2026-06-15,1.9401693347059146,1.8753133176247507,1.6328334511882565,2.2349673176712592,1.006009848055332,0.643813404122786,86610000.0,0,0,0,0,0,0,0,0,0,0,0,0,0,0,1,0,0,0,0,0,0,0,0,0,0,0,0,0,0,0,0,0,0,0,0,0,0,0,0,0,0,0,0,0,1,0
ALM-10059,2026-01-12,-0.1908791933066464,-0.09806594701053276,-0.6394968639161707,-0.9367171049337841,-0.8836026694035193,-0.5600395852316812,56880000.0,0,0,0,0,0,0,0,0,0,0,0,0,0,0,0,0,0,1,0,0,0,0,0,0,0,0,0,0,0,0,0,0,0,0,0,0,0,0,0,0,0,0,0,0,0,1
ALM-10010,2026-06-11,-0.1908791933066464,-0.1433442475375372,2.872286350336126,1.4420462120199986,0.7637518329965048,0.2425290743379619,46290000.0,0,0,0,0,0,0,0,0,0,0,0,0,0,0,1,0,0,0,0,0,0,0,0,0,0,0,0,0,0,0,0,0,0,0,0,0,0,0,0,0,0,0,0,0,1,0
ALM-10155,2026-02-01,0.8746450706996342,0.8565515557671475,-1.0526478302987938,-0.9367171049337841,-0.8351510663917538,-1.4199345776277312,33680000.0,0,0,0,0,0,1,0,0,0,0,0,0,0,0,0,0,0,0,0,0,0,0,0,0,0,0,0,0,0,0,0,0,0,0,0,0,0,0,0,0,0,0,0,0,0,1
ALM-10366,2026-01-20,0.8746450706996342,1.230097535114935,-0.6394968639161707,1.4420462120199986,1.5874290841965168,0.7584660697755925,53380000.0,0,0,0,0,0,0,0,0,0,0,0,0,0,0,0,0,0,0,0,0,0,0,0,0,0,0,1,0,0,0,0,0,0,0,0,0,0,0,0,0,0,0,0,0,1,0
ALM-10745,2026-05-09,-0.1908791933066464,-0.8828898228119455,-0.6394968639161707,-0.9367171049337841,-0.35063503627409975,-1.4199345776277312,15660000.0,0,0,0,0,0,0,0,0,0,0,0,0,0,0,0,0,0,0,0,0,0,0,0,1,0,0,0,0,0,0,0,0,0,0,0,0,0,0,0,0,0,0,0,0,0,1
ALM-10568,2026-05-04,-0.1908791933066464,0.030222571149313534,-0.8460723471074822,-1.2538855471942885,-0.35063503627409975,-0.10142892262045765,31770000.0,0,0,0,0,0,0,0,0,0,0,0,0,0,0,0,0,0,0,0,0,0,0,0,1,0,0,0,0,0,0,0,0,0,0,0,0,0,0,0,0,0,0,0,0,0,0
ALM-10493,2026-08-20,-0.1908791933066464,-0.4187872424101486,0.18680506884907555,-0.3023802204127754,-0.2537318302505689,-1.0186502478429071,38800000.0,0,0,0,0,0,0,0,0,0,0,0,0,0,0,1,0,0,0,0,0,0,0,0,0,0,0,0,0,0,0,0,0,0,0,0,0,0,0,0,0,0,0,0,0,0,1
ALM-11074,2026-05-17,-1.256403457312927,-0.8866630145225293,1.426257967996945,0.8077093274989898,0.7637518329965048,0.8157924026019945,21600000.0,0,0,0,0,0,0,0,0,0,0,0,0,0,0,0,0,0,0,0,0,0,0,0,1,0,0,0,0,0,0,0,0,0,0,0,0,0,0,0,0,0,0,0,0,1,0
ALM-10542,2026-06-17,-0.1908791933066464,0.05286172141281588,0.18680506884907555,-0.3023802204127754,0.036977787820023575,-1.5919135761069398,55260000.0,0,0,0,0,0,0,0,0,0,0,0,0,0,0,0,0,0,0,0,0,1,0,0,0,0,0,0,0,0,0,0,0,0,0,0,0,0,0,0,0,0,0,0,0,0,1
ALM-10926,2026-02-15,0.8746450706996342,0.41886131733943616,-0.6394968639161707,-0.9367171049337841,-0.10837702121527268,-0.7893449165372942,36070000.0,0,0,0,0,0,0,0,0,0,0,0,0,0,0,0,0,0,0,0,0,0,0,0,0,0,0,0,0,0,0,0,0,0,0,0,0,0,0,0,0,0,0,0,1,0,1
ALM-11170,2026-05-04,-1.256403457312927,-0.7810136466261853,0.3933805520403871,0.17337244297798113,1.1513646570906282,-0.10142892262045765,23650000.0,0,0,0,0,0,0,0,0,0,0,0,0,0,0,0,0,0,0,0,0,0,0,0,0,0,0,1,0,0,0,0,0,0,0,0,0,0,0,0,0,0,0,0,0,1,0
ALM-10305,2026-06-19,-0.1908791933066464,-0.34709659990905806,-0.8460723471074822,0.8077093274989898,1.3936226721494551,-0.044102589794053126,29130000.0,0,0,0,0,0,0,0,0,0,0,0,0,0,0,0,0,0,0,0,0,0,0,0,0,0,0,1,0,0,0,0,0,0,0,0,0,0,0,0,0,0,0,0,0,1,0
ALM-10802,2026-01-07,-0.1908791933066464,-0.30181829938205335,-0.8460723471074822,-0.3023802204127754,1.1029130540788628,0.5291607384699795,31150000.0,0,0,0,0,0,0,0,0,0,0,1,0,0,0,0,0,0,0,0,0,0,0,0,0,0,0,0,0,0,0,0,0,0,0,0,0,0,0,0,0,0,0,0,0,1,0
ALM-11088,2026-03-18,0.8746450706996342,1.2263243434043516,-0.6394968639161707,1.4420462120199986,0.8122034360082702,1.2170767323868186,98390000.0,0,0,0,0,0,0,0,0,0,0,0,0,0,0,0,0,0,1,0,0,0,0,0,0,0,0,0,0,0,0,0,0,0,0,0,0,0,0,0,0,0,0,0,0,1,0
ALM-10689,2026-04-10,-0.1908791933066464,-0.1961689314857094,-0.6394968639161707,-0.3023802204127754,-0.2537318302505689,-1.3052819119749248,23130000.0,0,0,0,0,0,0,0,0,0,0,0,0,0,0,0,0,0,0,0,0,0,0,0,1,0,0,0,0,0,0,0,0,0,0,0,0,0,0,0,0,0,0,0,0,0,1
ALM-11093,2026-02-19,-0.1908791933066464,-0.27540595740796725,-0.8460723471074822,-0.9367171049337841,-0.011473815191741843,-1.3052819119749248,31550000.0,0,0,0,0,0,0,0,0,0,0,0,0,0,0,0,0,0,0,0,0,0,0,0,0,0,0,0,0,0,1,0,0,0,0,0,0,0,0,0,0,0,0,0,0,0,1
ALM-10053,2026-08-13,-0.1908791933066464,0.2377481152314179,-0.43292138072485914,-0.3023802204127754,-1.2712154934976427,-0.8466712493636988,37660000.0,0,0,0,0,0,0,0,0,0,0,0,0,0,0,0,0,0,0,0,0,0,0,0,0,0,0,0,0,0,1,0,0,0,0,0,0,0,0,0,0,0,0,0,0,0,1
ALM-11001,2026-02-23,1.9401693347059146,0.5131911101040291,-0.019770414342236024,0.17337244297798113,1.0544614510670973,0.12787640868515537,54660000.0,0,0,0,0,0,0,0,0,0,0,0,0,0,0,1,0,0,0,0,0,0,0,0,0,0,0,0,0,0,0,0,0,0,0,0,0,0,0,0,0,0,0,0,0,1,0
ALM-11195,2026-03-16,0.8746450706996342,0.4980983432616945,0.5999560352316987,-0.3023802204127754,-0.10837702121527268,-0.15875525544685964,41760000.0,0,0,0,0,0,0,0,0,0,0,0,0,0,0,0,0,0,0,0,0,0,0,0,0,0,0,0,0,0,1,0,0,0,0,0,0,0,0,0,0,0,0,0,0,0,0
ALM-10571,2026-02-12,-0.1908791933066464,0.20001619812558075,-1.0526478302987938,-0.9367171049337841,-0.5928930513329268,-0.6746922508844877,60190000.0,0,0,0,0,0,0,0,0,0,0,0,0,0,0,0,0,0,0,0,0,1,0,0,0,0,0,0,0,0,0,0,0,0,0,0,0,0,0,0,0,0,0,0,0,0,1
ALM-10669,2026-02-13,0.8746450706996342,0.4226345090500202,-0.22634589753354759,2.2349673176712592,1.006009848055332,0.1852027415115599,56810000.0,0,0,0,0,0,0,0,0,0,0,0,0,0,0,1,0,0,0,0,0,0,0,0,0,0,0,0,0,0,0,0,0,0,0,0,0,0,0,0,0,0,0,0,0,1,0
ALM-11187,2026-02-16,0.8746450706996342,0.5131911101040291,-0.8460723471074822,-1.0953013260640363,-1.319667096509408,0.47183440564357493,72060000.0,0,0,0,0,0,0,0,0,0,0,0,0,0,1,0,0,0,0,0,0,0,0,0,0,0,0,0,0,0,0,0,0,0,0,0,0,0,0,0,0,0,0,0,0,0,0
ALM-10395,2026-03-31,0.8746450706996342,0.6716651619485452,0.8065315184230102,1.4420462120199986,0.7153002299847394,0.701139736949188,56200000.0,0,0,0,0,0,0,0,0,0,0,0,0,0,0,0,0,0,0,0,0,0,0,0,0,0,0,1,0,0,0,0,0,0,0,0,0,0,0,0,0,0,0,0,0,1,0
ALM-10449,2026-07-26,-0.1908791933066464,0.17737704786207867,0.5999560352316987,0.17337244297798113,-0.7382478603682231,-1.4772609104541332,64280000.0,0,0,0,0,0,0,0,0,0,0,0,0,0,0,0,0,0,1,0,0,0,0,0,0,0,0,0,0,0,0,0,0,0,0,0,0,0,0,0,0,0,0,0,0,0,1
ALM-10918,2026-02-02,0.8746450706996342,0.8452319806353965,-0.8460723471074822,-0.3023802204127754,-0.6413446543446922,0.701139736949188,84070000.0,0,0,0,0,0,0,0,0,0,0,0,0,0,0,0,0,0,0,0,0,1,0,0,0,0,0,0,0,0,0,0,0,0,0,0,0,0,0,0,0,0,0,0,0,0,0
ALM-11039,2026-03-21,-0.1908791933066464,-0.1244782889846186,0.3933805520403871,-0.3023802204127754,-1.0289574784388156,-1.2479555791485202,48520000.0,0,0,0,0,0,0,0,0,0,0,0,0,0,1,0,0,0,0,0,0,0,0,0,0,0,0,0,0,0,0,0,0,0,0,0,0,0,0,0,0,0,0,0,0,0,1
ALM-10186,2026-08-04,-1.256403457312927,-0.9055289730754479,-1.0526478302987938,-0.9367171049337841,-1.319667096509408,-1.5345872432805379,16000000.0,0,0,0,0,0,0,0,0,0,0,0,0,0,0,0,0,0,0,0,0,0,0,0,0,0,0,1,0,0,0,0,0,0,0,0,0,0,0,0,0,0,0,0,0,0,1
ALM-10854,2026-04-19,-1.256403457312927,-0.44519958438423446,2.0459844175708795,1.4420462120199986,1.490525878172986,0.873118735428399,26100000.0,0,0,0,0,0,0,0,0,0,0,1,0,0,0,0,0,0,0,0,0,0,0,0,0,0,0,0,0,0,0,0,0,0,0,0,0,0,0,0,0,0,0,0,0,1,0
ALM-10830,2026-03-28,-0.1908791933066464,-0.17730297293279085,-0.6394968639161707,-1.2538855471942885,-0.7382478603682231,0.9877714010812055,30840000.0,0,0,0,0,0,0,0,0,0,0,0,0,0,0,0,0,0,0,0,0,0,0,0,1,0,0,0,0,0,0,0,0,0,0,0,0,0,0,0,0,0,0,0,0,0,0
ALM-10678,2026-04-17,-1.256403457312927,-0.931941315049534,0.5999560352316987,-0.3023802204127754,-0.495989845309396,2.2489507232620745,17520000.0,0,0,0,0,0,0,0,0,0,0,0,0,0,0,0,0,0,0,0,0,0,0,0,1,0,0,0,0,0,0,0,0,0,0,0,0,0,0,0,0,0,0,0,0,0,0
ALM-10102,2026-04-17,0.8746450706996342,0.3999953587865176,-0.22634589753354759,-0.9367171049337841,-0.8351510663917538,-0.44538691957887466,31240000.0,0,0,0,0,0,0,0,0,0,0,1,0,0,0,0,0,0,0,0,0,0,0,0,0,0,0,0,0,0,0,0,0,0,0,0,0,0,0,0,0,0,0,0,0,0,1
ALM-11028,2026-07-03,1.9401693347059146,3.248755100277223,-1.0526478302987938,-1.0953013260640363,0.4245906119141469,2.1342980576092683,72750000.0,0,0,0,0,0,0,0,0,0,0,1,0,0,0,0,0,0,0,0,0,0,0,0,0,0,0,0,0,0,0,0,0,0,0,0,0,0,0,0,0,0,0,0,0,0,0
ALM-10839,2026-04-09,-0.1908791933066464,-0.34709659990905806,-0.22634589753354759,-0.9367171049337841,-0.35063503627409975,-0.9613239150165053,47730000.0,0,0,0,0,0,0,0,0,0,0,0,0,0,0,0,0,0,0,0,0,1,0,0,0,0,0,0,0,0,0,0,0,0,0,0,0,0,0,0,0,0,0,0,0,0,1
ALM-10673,2026-06-02,-1.256403457312927,-0.6564983201769226,-0.43292138072485914,-0.9367171049337841,-0.15682862422703808,0.41450807281717295,35750000.0,0,0,0,0,0,0,0,0,0,0,0,0,0,1,0,0,0,0,0,0,0,0,0,0,0,0,0,0,0,0,0,0,0,0,0,0,0,0,0,0,0,0,0,0,0,0
ALM-10834,2026-02-12,-0.1908791933066464,-0.5395293771488273,-0.8460723471074822,1.4420462120199986,1.5874290841965168,-0.044102589794053126,28430000.0,0,0,0,0,0,0,0,0,0,0,0,0,0,0,0,0,0,0,0,0,0,0,0,0,0,0,1,0,0,0,0,0,0,0,0,0,0,0,0,0,0,0,0,0,1,0
ALM-10408,2026-02-05,1.9401693347059146,1.5130869134087137,1.2196824848056333,2.2349673176712592,0.9575582450435665,-0.3880605867524727,91510000.0,0,0,0,0,0,0,0,0,0,0,0,0,0,1,0,0,0,0,0,0,0,0,0,0,0,0,0,0,0,0,0,0,0,0,0,0,0,0,0,0,0,0,0,0,1,0
ALM-10241,2026-08-13,-0.1908791933066464,-0.06788041332586287,-0.8460723471074822,-0.9367171049337841,-0.3021834332623343,-0.7320185837108922,37500000.0,0,0,0,0,0,0,1,0,0,0,0,0,0,0,0,0,0,0,0,0,0,0,0,0,0,0,0,0,0,0,0,0,0,0,0,0,0,0,0,0,0,0,0,0,0,1
ALM-10006,2026-08-27,-0.1908791933066464,-0.23767404030213007,-0.43292138072485914,0.17337244297798113,-1.0289574784388156,-1.5919135761069398,41560000.0,0,0,0,0,0,0,0,0,0,0,0,0,0,1,0,0,0,0,0,0,0,0,0,0,0,0,0,0,0,0,0,0,0,0,0,0,0,0,0,0,0,0,0,0,0,1
ALM-11104,2026-03-22,-0.1908791933066464,-0.49425107662182294,-0.43292138072485914,-0.9367171049337841,-0.20528022723880351,-1.5345872432805379,19560000.0,0,0,0,0,0,0,0,0,0,0,0,0,0,0,0,0,0,0,0,0,0,0,0,1,0,0,0,0,0,0,0,0,0,0,0,0,0,0,0,0,0,0,0,0,0,1
ALM-10238,2026-02-11,0.8746450706996342,-0.026375304509442206,-0.6394968639161707,-1.0953013260640363,0.27923580287885064,1.389055730866027,63840000.0,0,0,0,0,0,0,0,0,0,0,0,0,0,0,0,0,0,0,0,0,1,0,0,0,0,0,0,0,0,0,0,0,0,0,0,0,0,0,0,0,0,0,0,0,0,0
ALM-10160,2026-07-11,3.0056935987121953,3.437414685806409,-0.43292138072485914,-0.3023802204127754,-1.319667096509408,2.0196453919564616,86860000.0,0,0,0,0,0,0,0,0,0,0,1,0,0,0,0,0,0,0,0,0,0,0,0,0,0,0,0,0,0,0,0,0,0,0,0,0,0,0,0,0,0,0,0,0,0,0
ALM-10249,2026-01-08,-0.1908791933066464,-0.44142639267365097,-0.6394968639161707,-1.0953013260640363,0.036977787820023575,1.904992726303655,48590000.0,0,0,0,0,0,0,0,0,0,0,0,0,0,0,0,0,0,1,0,0,0,0,0,0,0,0,0,0,0,0,0,0,0,0,0,0,0,0,0,0,0,0,0,0,0,0
ALM-10616,2026-05-10,-1.256403457312927,-0.7621476880732668,-0.8460723471074822,-0.3023802204127754,-1.1258606844623464,-1.0759765806693118,23840000.0,0,0,0,0,0,0,0,0,0,0,0,0,0,0,0,0,0,0,0,0,0,0,0,0,0,0,0,0,0,1,0,0,0,0,0,0,0,0,0,0,0,0,0,0,0,1
ALM-10018,2026-05-29,-0.1908791933066464,-0.09429275529994899,0.5999560352316987,-0.3023802204127754,0.8122034360082702,0.3571817399907684,54650000.0,0,0,0,0,0,0,0,0,0,0,0,0,0,1,0,0,0,0,0,0,0,0,0,0,0,0,0,0,0,0,0,0,0,0,0,0,0,0,0,0,0,0,0,0,1,0
ALM-11084,2026-02-26,-0.1908791933066464,-0.0905195635893652,0.5999560352316987,-0.3023802204127754,-1.077409081450581,-0.6173659180580857,26560000.0,0,0,0,0,0,0,0,0,0,0,0,0,0,0,0,0,0,0,0,0,0,0,0,0,0,0,0,0,0,0,0,0,0,0,0,1,0,0,0,0,0,0,0,0,0,1
ALM-10915,2026-04-09,1.9401693347059146,1.456489037749958,0.18680506884907555,-0.3023802204127754,-0.3021834332623343,-1.5345872432805379,45410000.0,0,0,0,0,0,0,0,0,0,0,1,0,0,0,0,0,0,0,0,0,0,0,0,0,0,0,0,0,0,0,0,0,0,0,0,0,0,0,0,0,0,0,0,0,0,1
ALM-10052,2026-08-02,-0.1908791933066464,0.11323278878215538,-0.22634589753354759,-0.9367171049337841,-1.3681186995211734,-1.5345872432805379,27090000.0,0,0,0,0,0,0,0,0,0,0,0,0,0,0,0,0,0,0,0,0,0,0,0,0,0,0,1,0,0,0,0,0,0,0,0,0,0,0,0,0,0,0,0,0,0,1
ALM-10068,2026-02-23,-0.1908791933066464,-0.4980242683324067,-0.43292138072485914,-0.3023802204127754,-0.011473815191741843,-1.1906292463221182,32730000.0,0,0,0,0,0,0,0,0,0,0,0,0,0,0,1,0,0,0,0,0,0,0,0,0,0,0,0,0,0,0,0,0,0,0,0,0,0,0,0,0,0,0,0,0,0,1
ALM-10642,2026-02-25,-1.256403457312927,-1.1356936674210547,-0.43292138072485914,-0.9367171049337841,-1.5134735085564697,0.643813404122786,21470000.0,0,0,0,0,0,0,0,0,0,0,0,0,0,0,0,0,0,0,0,0,0,0,0,0,0,0,0,0,0,1,0,0,0,0,0,0,0,0,0,0,0,0,0,0,0,0
ALM-10461,2026-08-23,0.8746450706996342,0.9999328407693286,-0.6394968639161707,-1.2538855471942885,-0.8351510663917538,1.7903400606508486,61710000.0,0,0,0,0,0,0,0,0,0,0,0,0,0,0,0,0,0,0,0,0,0,0,0,0,0,0,0,0,0,1,0,0,0,0,0,0,0,0,0,0,0,0,0,0,0,0
ALM-10432,2026-04-15,-1.256403457312927,-0.9621268487342036,-0.8460723471074822,-0.9367171049337841,-0.2537318302505689,-1.2479555791485202,19720000.0,0,0,0,0,0,0,0,0,0,0,0,0,0,0,1,0,0,0,0,0,0,0,0,0,0,0,0,0,0,0,0,0,0,0,0,0,0,0,0,0,0,0,0,0,0,1
ALM-10388,2026-03-25,0.8746450706996342,0.5207374935251966,-0.43292138072485914,-1.0953013260640363,-0.8836026694035193,1.5610347293452356,32370000.0,0,0,0,0,0,0,0,0,0,0,0,0,0,0,0,0,0,0,0,0,0,0,0,1,0,0,0,0,0,0,0,0,0,0,0,0,0,0,0,0,0,0,0,0,0,0
ALM-10178,2026-07-10,-0.1908791933066464,0.27170684062667155,-0.43292138072485914,-0.9367171049337841,-0.6897962573564577,-0.9613239150165053,38730000.0,0,0,0,0,0,0,0,0,0,0,0,0,0,0,0,0,0,0,0,0,0,0,0,0,0,0,0,0,0,1,0,0,0,0,0,0,0,0,0,0,0,0,0,0,0,1
ALM-11149,2026-07-22,-0.1908791933066464,0.056634913123399654,3.285437316718749,2.2349673176712592,1.490525878172986,0.873118735428399,35900000.0,0,0,0,0,0,0,0,0,0,0,0,0,0,0,0,0,0,0,0,0,0,0,0,1,0,0,0,0,0,0,0,0,0,0,0,0,0,0,0,0,0,0,0,0,1,0
ALM-10535,2026-05-14,0.8746450706996342,1.003706032479912,-0.8460723471074822,-1.2538855471942885,-1.1743122874741119,-0.33073425392606814,64580000.0,0,1,0,0,0,0,0,0,0,0,0,0,0,0,0,0,0,0,0,0,0,0,0,0,0,0,0,0,0,0,0,0,0,0,0,0,0,0,0,0,0,0,0,0,0,0
ALM-10832,2026-06-18,-0.1908791933066464,-0.2037153149068767,-0.43292138072485914,-0.9367171049337841,-0.2537318302505689,0.873118735428399,35980000.0,0,0,0,0,0,0,0,0,0,0,0,0,0,0,0,0,0,0,0,0,0,0,0,0,0,0,0,0,0,1,0,0,0,0,0,0,0,0,0,0,0,0,0,0,0,0
ALM-10385,2026-06-06,-0.1908791933066464,-0.15843701437987226,0.8065315184230102,0.8077093274989898,1.4420742751612206,0.2425290743379619,60870000.0,0,0,0,0,0,0,0,0,0,0,0,0,0,0,0,0,0,0,0,0,1,0,0,0,0,0,0,0,0,0,0,0,0,0,0,0,0,0,0,0,0,0,0,0,1,0
ALM-10450,2026-01-25,-1.256403457312927,-0.8338383305743573,-0.6394968639161707,-0.9367171049337841,-1.4165703025329388,-1.4199345776277312,16170000.0,0,0,0,0,0,0,0,0,0,0,1,0,0,0,0,0,0,0,0,0,0,0,0,0,0,0,0,0,0,0,0,0,0,0,0,0,0,0,0,0,0,0,0,0,0,1
ALM-10671,2026-07-06,-0.1908791933066464,-0.5546221439911624,-0.8460723471074822,-0.3023802204127754,1.1998162601023936,1.159750399560414,46120000.0,1,0,0,0,0,0,0,0,0,0,0,0,0,0,0,0,0,0,0,0,0,0,0,0,0,0,0,0,0,0,0,0,0,0,0,0,0,0,0,0,0,0,0,0,1,0
ALM-11102,2026-08-05,1.9401693347059146,2.437518882501724,1.0131070016143218,0.17337244297798113,-0.6413446543446922,-1.4199345776277312,49960000.0,0,0,0,0,0,0,0,0,0,0,0,0,0,0,0,0,0,0,0,0,0,0,0,1,0,0,0,0,0,0,0,0,0,0,0,0,0,0,0,0,0,0,0,0,0,1
